playerId,player,team,position,age,exp,bye,points,lower,upper,sdPts,positionRank,dropoff,tier,ptSpread,overallECR,positionECR,sdRank,risk,sleeper,salary
2504211,Tom Brady,NE,QB,40,17,9,22.28255,20.83936,23.0248,34.010844,1,0.9219,1,2.18544,NA,2.1,1.7,8.164955403,NA,NA
2506363,Aaron Rodgers,GB,QB,34,12,8,21.7088,21.36296,22.1116,31.9618908,2,1.077525,2,0.74864,NA,1.7,0.9,7.064643669,NA,NA
310,Matt Ryan,ATL,QB,32,9,5,21.0125,20.3128,22.1384,30.3695784,3,1.29895,3,1.8256,NA,3.6,1,6.953047342,NA,NA
2532975,Russell Wilson,SEA,QB,29,5,6,20.25005,19.60612,21.07172,29.53131636,4,1.4529,4,1.4656,NA,5.2,1.3,7.149120861,NA,NA
2504775,Drew Brees,NO,QB,38,16,5,19.17705,17.51644,20.77724,27.25344972,5,0.984025,5,3.2608,NA,4.1,2.3,7.872292615,NA,NA
2495455,Cam Newton,CAR,QB,28,6,11,18.41725,17.6736,18.9848,27.606012,6,0.626425,6,1.3112,NA,9,2.4,8.022830379,NA,NA
2543499,Derek Carr,OAK,QB,26,3,10,17.9688,17.6264,18.14096,26.8231992,7,0.599125,7,0.51456,NA,5.7,1.6,7.093171575,NA,NA
2552033,Jameis Winston,TB,QB,23,2,11,17.61285,16.80112,18.952,25.2042,8,0.6566,7,2.15088,NA,7.8,2.2,7.493071931,NA,NA
2532820,Kirk Cousins,WAS,QB,29,5,5,17.1265,16.53,18.1588,24.863202,9,0.3616,8,1.6288,NA,12.6,2.3,7.550130257,NA,NA
2505245,Carson Palmer,ARI,QB,38,14,8,16.786,15.8568,17.9848,24.7950024,10,0.148925,9,2.128,NA,12.9,3.7,8.983200211,NA,NA
2506109,Ben Roethlisberger,PIT,QB,35,13,9,16.7438,15.9828,17.61288,24.803898,11,0.388775,9,1.63008,NA,9.5,2.5,7.748174578,NA,NA
2506340,Alex Smith,KC,QB,33,12,10,16.53035,15.2076,17.78792,23.291646,12,0.41465,10,2.58032,NA,17.8,3.2,8.265481252,NA,NA
2506121,Philip Rivers,LAC,QB,36,13,8,16.1797,15.47336,17.30216,23.76726408,13,0.250675,10,1.8288,NA,9.7,2.9,8.020529856,NA,NA
2552466,Marcus Mariota,TEN,QB,24,2,8,16.0517,15.8704,16.42464,23.958816,14,0.329875,10,0.55424,NA,11.2,2.8,7.943328889,NA,NA
2495240,Tyrod Taylor,BUF,QB,28,6,6,15.80635,14.0132,17.35192,23.9380596,15,0.250675,11,3.33872,NA,17.3,3.2,8.352606167,NA,NA
2540175,LeVeon Bell,PIT,RB,25,4,9,15.65425,14.683,16.779,22.142631,1,0.929375,1,2.096,NA,2,1.7,8.387947886,NA,NA
79860,Matthew Stafford,DET,QB,29,8,7,15.6373,15.27376,15.9704,22.68378,16,0.266375,11,0.69664,NA,14.5,2.1,7.050345976,NA,NA
2505996,Eli Manning,NYG,QB,36,13,8,15.47405,15.02496,16.148,22.802388,17,0.256575,11,1.12304,NA,18.1,3.5,8.508594232,NA,NA
2543477,Blake Bortles,JAC,QB,26,3,8,15.2678,14.9852,15.27256,22.4851116,18,0.40595,12,0.28736,NA,25.5,3.7,8.671868518,NA,NA
382,Joe Flacco,BAL,QB,32,9,10,15.16715,14.84104,15.6604,23.1018732,19,0.704675,13,0.81936,NA,20.9,3.4,8.445940728,NA,NA
2552469,Melvin Gordon,LAC,RB,24,2,8,14.7415,14.0612,15.422,21.097398,2,0.5645,2,1.3608,NA,3.9,1.3,7.961430512,NA,NA
2555224,Ezekiel Elliott,DAL,RB,22,1,6,14.70825,13.436,15.5424,22.743084,3,1.11975,2,2.1064,NA,2.3,1.5,8.469093246,NA,NA
2553457,Trevor Siemian,DEN,QB,NA,NA,5,14.55655,12.93852,15.66972,22.55420076,20,0.19045,14,2.7312,NA,24.3,3.4,8.372124344,NA,NA
2555260,Dak Prescott,DAL,QB,24,1,6,14.3684,13.2648,15.09328,21.7704984,21,0.0877,14,1.82848,NA,18.1,3,7.854420509,NA,NA
497095,Sam Bradford,MIN,QB,30,7,9,14.3638,12.8976,15.77696,21.3613008,22,0.42795,14,2.87936,NA,18.3,4.3,9.138511355,NA,NA
2495143,Andy Dalton,CIN,QB,30,6,6,14.1976,13.1936,15.16512,21.1833888,23,0.90255,14,1.97152,NA,20.9,3,7.775288705,NA,NA
2495824,Jay Cutler,MIA,QB,34,11,11,13.6741,12.63512,14.39,19.852014,24,0.943175,15,1.75488,NA,22.1,3.4,8.007918219,NA,NA
2543583,Devonta Freeman,ATL,RB,25,3,5,13.64575,13.18,13.9984,20.370924,4,0.31825,3,0.8184,NA,6.2,2.5,8.228543636,NA,NA
79607,LeSean McCoy,BUF,RB,29,8,6,13.53125,12.07,15.842,18.665934,5,0.56,3,3.772,NA,4.1,1.7,7.476558461,NA,NA
2552475,Todd Gurley,LAR,RB,23,2,9,13.12375,10.946,14.598,20.445054,6,0.519125,3,3.652,NA,8.3,4.1,8.85804652,NA,NA
2495454,Julio Jones,ATL,WR,28,6,5,13.04975,12.6342,13.7734,19.7645406,1,1.234375,1,1.1392,NA,1.6,0.9,7.698225445,NA,NA
2555259,Carson Wentz,PHI,QB,25,1,10,12.916,11.8216,14.34,18.6036648,25,0.411475,16,2.5184,NA,17.4,3.8,8.251738088,NA,NA
2555418,Jordan Howard,CHI,RB,23,1,9,12.81875,12.132,13.8744,18.058068,7,0.429875,4,1.7424,NA,12.1,2.8,7.736634369,NA,NA
2505076,Josh McCown,NYJ,QB,38,15,11,12.54585,11.80708,13.74148,18.31811604,26,0.1634,16,1.9344,NA,29.9,1.9,6.255895641,NA,NA
2555334,Jared Goff,LAR,QB,23,1,9,12.4632,9.91784,14.1732,19.3123476,27,0.3267,17,4.25536,NA,22.6,2.7,7.214049888,NA,NA
2552429,Ty Montgomery,GB,RB,24,2,8,12.3905,11.346,13.0556,19.170018,8,0.081375,5,1.7096,NA,11.2,4.2,8.561935014,NA,NA
2495663,Marshawn Lynch,OAK,RB,31,10,10,12.38725,11.1608,13.948,16.812684,9,0.269875,5,2.7872,NA,8.1,3.7,7.753331045,NA,NA
2539275,Mike Glennon,CHI,QB,28,4,9,12.3017,10.8724,13.41224,19.1581572,28,0.359975,17,2.53984,NA,29.6,2,6.472136782,NA,NA
2557917,Kareem Hunt,KC,RB,22,0,10,12.231,11.6468,12.7188,18.3753444,10,0.236125,5,1.072,NA,9.8,6,9.03994649,NA,NA
2508061,Antonio Brown,PIT,WR,29,7,9,12.11075,11.152,13.3752,16.634772,2,0.85525,2,2.2232,NA,2.2,1.3,6.850557649,NA,NA
2543664,Terrance West,BAL,RB,26,3,10,12.00375,11.965,12.069,17.887569,11,0.166625,5,0.104,NA,17.9,4.8,8.454527208,NA,NA
2552582,Jay Ajayi,MIA,RB,24,2,11,11.986,11.59,12.4492,17.361246,12,0.781625,5,0.8592,NA,10.3,11.9,11.02374252,NA,NA
2555261,Jacoby Brissett,IND,QB,25,1,11,11.9713,11.15426,12.78834,17.74864938,29,0.596675,17,1.63408,NA,29.2,2.7,7.003291521,NA,NA
2557983,DeShone Kizer,CLE,QB,21,0,9,11.91215,9.77476,13.48676,18.37504788,30,1.15245,17,3.712,NA,25.8,2,6.366587745,NA,NA
497240,Rob Gronkowski,NE,TE,28,7,9,11.88675,10.5196,13.202,17.687418,1,3.47875,1,2.6824,NA,1,0,10.4344559,NA,NA
2557973,Leonard Fournette,JAC,RB,21,0,8,11.68825,11.2346,12.1226,17.8104738,13,1.007875,6,0.888,NA,9.7,3.8,8.053023372,NA,NA
1032,Jordy Nelson,GB,WR,32,9,8,11.52,11.5019,11.6219,17.0639847,3,0.5865,3,0.12,NA,4.2,2.2,7.271193008,NA,NA
2556370,Michael Thomas,NO,WR,23,1,5,10.991,10.6608,11.1972,16.397556,4,0.13825,4,0.5364,NA,8.4,3,7.318568553,NA,NA
2543496,Odell Beckham,NYG,WR,25,3,8,10.876,10.0364,11.2784,16.67925,5,0.0615,4,1.242,NA,9,7.3,8.777085973,NA,NA
2558063,Deshaun Watson,HOU,QB,22,0,7,10.8371,9.13904,12.62864,16.09391952,31,3.56295,18,3.4896,NA,28.1,2.5,6.574226295,NA,NA
2543498,Brandin Cooks,NE,WR,24,3,9,10.8295,9.834,11.8532,15.967602,6,0.2145,4,2.0192,NA,6.2,3.7,7.407747495,NA,NA
2543468,Mike Evans,TB,WR,24,3,11,10.7995,10.4678,11.231,15.8623374,7,0.44175,4,0.7632,NA,4.9,2.2,6.896781509,NA,NA
2540269,C.J. Anderson,DEN,RB,26,4,5,10.7205,9.894,11.3868,16.056558,14,0.156625,7,1.4928,NA,16.6,2.6,7.135695106,NA,NA
81294,Brian Hoyer,SF,QB,32,8,11,10.6823,9.7784,11.81968,16.8601272,32,8.2394,18,2.04128,NA,29.1,2.2,6.368441145,NA,NA
2533034,Lamar Miller,HOU,RB,26,5,7,10.64025,10.2666,11.0426,16.1499618,15,0.2825,7,0.776,NA,16.1,3.4,7.465215332,NA,NA
2557991,Dalvin Cook,MIN,RB,22,0,9,10.4875,9.0532,11.4612,16.1099316,16,0.348125,7,2.408,NA,14.5,4.7,7.95040382,NA,NA
2530747,Doug Baldwin,SEA,WR,29,6,6,10.4305,9.6528,11.9164,14.470176,8,0.42725,4,2.2636,NA,9.4,2.7,6.622398423,NA,NA
2506922,Stephen Gostkowski,NE,K,33,11,9,10.32318182,9.272636364,11.37372727,15.30514936,1,1.118519892,1,2.101090909,NA,2.1,1.1,5.052429453,NA,NA
2495450,A.J. Green,CIN,WR,29,6,6,10.285,9.3324,11.2392,15.241128,9,0.6095,5,1.9068,NA,7.2,2.5,6.79885742,NA,NA
2495207,DeMarco Murray,TEN,RB,29,6,8,10.228,9.7062,10.6662,15.1981326,17,0.27425,8,0.96,NA,12,3.6,7.291959399,NA,NA
2550189,Isaiah Crowell,CLE,RB,24,3,9,10.05075,9.206,10.6644,15.404214,18,0.23475,8,1.4584,NA,20.3,3.9,7.460370232,NA,NA
2557997,Christian McCaffrey,CAR,RB,21,0,11,9.85675,8.3236,11.326,14.692566,19,0.082625,8,3.0024,NA,17.7,3.9,7.273817173,NA,NA
2495471,Jacquizz Rodgers,TB,RB,27,6,11,9.77525,7.712,11.3288,15.12252,20,0.03425,8,3.6168,NA,22.6,10,9.712419233,NA,NA
2539663,Mike Gillislee,NE,RB,27,4,9,9.773,9.3646,10.4846,14.3856678,21,0.19975,9,1.12,NA,16.9,4.7,7.498401303,NA,NA
100002,Ravens,BAL,DST,NA,NA,10,9.74,6.652,12.828,14.440524,1,1.8475,1,6.176,NA,6,5,9.510632094,NA,NA
2540165,DeAndre Hopkins,HOU,WR,25,4,7,9.7215,8.4106,12.0078,13.1847618,10,0.351625,5,3.5972,NA,18.3,5.6,7.146343741,NA,NA
2543743,Carlos Hyde,SF,RB,26,3,11,9.709,8.99,10.5812,14.218134,22,0.295375,9,1.5912,NA,22,4.7,7.454483604,NA,NA
2556214,Tyreek Hill,KC,WR,23,1,10,9.6295,8.7668,10.2644,15.0543204,11,0.553125,6,1.4976,NA,13.3,4.8,7.473841645,NA,NA
2555460,Paul Perkins,NYG,RB,23,1,8,9.4375,8.756,9.8592,14.262612,23,0.0955,10,1.1032,NA,33.7,7.2,8.419377973,NA,NA
2495328,Bilal Powell,NYJ,RB,29,6,11,9.38975,8.294,11.3492,12.854142,24,0.204125,10,3.0552,NA,28.5,4.3,6.944406005,NA,NA
2532968,Blair Walsh,SEA,K,27,5,6,9.336407186,8.731281437,9.941532934,13.84215729,2,0.277246989,2,1.210251497,NA,8.3,3.9,7.042882759,NA,NA
2556414,Rob Kelley,WAS,RB,25,1,5,9.29425,7.694,10.6836,14.099526,25,0.29,10,2.9896,NA,28,4.7,7.423391427,NA,NA
2552487,Amari Cooper,OAK,WR,23,2,10,9.11025,7.7032,10.5568,13.462008,12,0.099375,6,2.8536,NA,8.6,4,6.722683351,NA,NA
2495466,Mark Ingram,NO,RB,28,6,5,9.077,8.176,9.8784,13.580616,26,0.2285,10,1.7024,NA,24.1,4.5,7.21110437,NA,NA
2504797,Matt Bryant,ATL,K,42,15,5,9.072916667,8.094583333,10.05125,13.45150625,3,0.16438147,3,1.956666667,NA,3,1.7,5.16592554,NA,NA
71309,Graham Gano,CAR,K,30,8,11,9.045403727,7.905080745,10.18572671,13.41071557,4,0.390436406,3,2.280645963,NA,10.8,3.6,6.710071947,NA,NA
2543495,Davante Adams,GB,WR,25,3,8,9.0425,8.9034,9.113,13.469421,13,0.066875,7,0.2096,NA,20.5,6.5,7.521938851,NA,NA
2506106,Larry Fitzgerald,ARI,WR,34,13,8,8.97925,7.9656,9.68,13.699224,14,0.012875,7,1.7144,NA,11.9,3.8,6.732839894,NA,NA
2532865,T.Y. Hilton,IND,WR,28,5,11,8.972,8.3996,9.9052,12.854142,15,0.0365,7,1.5056,NA,30.7,8.1,7.840274354,NA,NA
71269,Michael Crabtree,OAK,WR,30,8,10,8.96075,8.3124,9.43,13.506486,16,0.147125,7,1.1176,NA,14.8,3.1,6.449641421,NA,NA
2506404,Frank Gore,IND,RB,34,12,11,8.9315,7.008,10.1488,13.699224,27,0.184,11,3.1408,NA,31.6,4.9,7.394714115,NA,NA
2543457,Sammy Watkins,LAR,WR,24,3,9,8.91025,8.601,9.0914,12.994989,17,0.2225,8,0.4904,NA,26.5,7.9,7.820404064,NA,NA
2540258,Travis Kelce,KC,TE,28,4,10,8.793,8.2932,9.5012,12.765186,2,0.812,2,1.208,NA,3.3,1.4,8.618621479,NA,NA
2535686,Giorgio Tavecchio,OAK,K,27,5,10,8.771666667,7.722333333,9.821,13.004873,5,0.23753268,4,2.098666667,NA,8.5,6.2,8.751973167,NA,NA
949,Jonathan Stewart,CAR,RB,30,9,11,8.7655,8.3082,9.2122,13.1966226,28,0.13875,11,0.904,NA,25.9,5,7.301090409,NA,NA
2552453,Tevin Coleman,ATL,RB,24,2,5,8.7295,8.3184,9.528,12.335232,29,0.374125,11,1.2096,NA,28.4,5.5,7.265930438,NA,NA
497328,Demaryius Thomas,DEN,WR,30,7,5,8.717,7.8998,9.5034,12.8052162,18,0.083625,8,1.6036,NA,15,3.6,6.390527623,NA,NA
2540154,Keenan Allen,LAC,WR,25,4,8,8.6585,7.3294,9.4862,13.5909942,19,0.099375,8,2.1568,NA,16.2,6.1,7.432307536,NA,NA
2531332,Terrelle Pryor,WAS,WR,28,6,5,8.60825,8.084,9.0612,13.373052,20,0.130375,8,0.9772,NA,17.8,5.3,7.109378062,NA,NA
2553112,Jason Myers,JAC,K,NA,NA,8,8.538267974,7.443653595,9.632882353,12.6588361,6,0.021884326,4,2.189228758,NA,19.9,5.1,7.782862941,NA,NA
2507225,Nick Folk,TB,K,33,10,11,8.53,7.794,9.266,12.646578,7,0.161030145,5,1.472,NA,15.9,2.9,5.982812905,NA,NA
2539980,Kerwynn Williams,ARI,RB,26,4,8,8.524,6.568,11.012,12.631752,30,0.393625,11,4.444,NA,33.3,12,9.822071367,NA,NA
497322,Emmanuel Sanders,DEN,WR,30,7,5,8.51,7.3292,9.684,12.6021,21,0.092875,8,2.3548,NA,25.8,8,7.729864809,NA,NA
2536340,Justin Tucker,BAL,K,28,5,10,8.502767296,8.116553459,8.888981132,12.60620279,8,0.373620686,5,0.772427673,NA,1.7,1.2,4.585584205,NA,NA
2507166,Ted Ginn,NO,WR,32,10,5,8.44575,7.9948,9.2528,12.439014,22,0.064625,9,1.258,NA,36.8,7,7.360271873,NA,NA
2543488,Jarvis Landry,MIA,WR,25,3,11,8.3885,7.9964,9.1724,11.8934172,23,0.034125,9,1.176,NA,33.8,15.4,9.868011508,NA,NA
497278,Dez Bryant,DAL,WR,29,7,6,8.37375,6.8996,10.3788,11.757018,24,0.14025,9,3.4792,NA,22.1,5.2,6.573973356,NA,NA
497326,Golden Tate,DET,WR,29,7,7,8.335,8.1891,8.5171,12.4916463,25,0.222375,9,0.328,NA,24,6.4,7.185404164,NA,NA
2559205,Younghoe Koo,LAC,K,23,0,8,8.235172414,7.423034483,9.047310345,12.20946662,9,0.21242588,6,1.624275862,NA,14.4,4.9,7.528115579,NA,NA
497149,LeGarrette Blount,PHI,RB,31,7,10,8.18675,7.2962,9.1522,11.8029786,31,0.284,11,1.856,NA,29.1,6.2,7.39331004,NA,NA
2530515,Chris Hogan,NE,WR,29,6,9,8.132,7.8472,8.6728,11.8608,26,0.099625,10,0.8256,NA,35.4,8.5,7.658278327,NA,NA
80429,Jeremy Maclin,BAL,WR,29,8,10,8.09325,6.8188,9.6168,11.727366,27,0.132625,10,2.798,NA,30,7.8,7.393557905,NA,NA
2553733,Thomas Rawls,SEA,RB,24,2,6,8.074,6.748,9.24,12.89862,32,0.613,11,2.492,NA,37.2,12.4,10.04454633,NA,NA
2500351,Phil Dawson,ARI,K,42,19,8,8.023120805,7.692624161,8.35361745,11.89507891,10,0.052605815,7,0.660993289,NA,12.1,4.1,6.81055958,NA,NA
2540160,Jordan Reed,WAS,TE,27,4,5,8.023,7.4324,8.8728,11.56428,3,0.26475,3,1.4404,NA,5.9,3.3,8.792042883,NA,NA
2550545,Chris Boswell,PIT,K,28,3,9,8.022372263,7.116474453,8.928270073,11.89396912,11,0.112772319,7,1.81179562,NA,12.7,4.8,7.382284487,NA,NA
2533039,Alshon Jeffery,PHI,WR,27,5,10,7.9715,7.3328,8.4444,12.261102,28,0.034375,11,1.1116,NA,20,5.1,6.699158956,NA,NA
2495448,Randall Cobb,GB,WR,27,6,8,7.94975,7.532,8.3412,11.697714,29,0.039875,11,0.8092,NA,31.6,5.1,6.523617476,NA,NA
2495700,Greg Olsen,CAR,TE,32,10,11,7.939,7.6086,8.5046,11.4501198,4,0.50675,3,0.896,NA,4,1.7,8.104202275,NA,NA
100030,Seahawks,SEA,DST,NA,NA,6,7.93,7.474,8.386,11.757018,2,0.2225,2,0.912,NA,1.5,1,3.872767023,NA,NA
2543572,Martavis Bryant,PIT,WR,26,3,9,7.9245,7.1096,8.6832,11.801496,30,0.059,11,1.5736,NA,27.3,6.6,7.034121511,NA,NA
2507232,Mason Crosby,GB,K,33,10,8,7.918657718,7.775731544,8.061583893,11.74020193,12,0.155393676,8,0.285852349,NA,5.6,1.8,4.899815494,NA,NA
89802,Ryan Succop,TEN,K,31,8,8,7.900542169,7.844108434,7.956975904,11.71334382,13,0.346237154,8,0.11286747,NA,17.6,3.1,5.956550393,NA,NA
2552608,Stefon Diggs,MIN,WR,24,2,9,7.89525,7.3922,8.3802,11.9215866,31,0.1395,11,0.988,NA,18.7,6.2,6.944028244,NA,NA
100006,Bengals,CIN,DST,NA,NA,6,7.855,5.619,8.091,10.163223,3,0.7225,3,2.472,NA,8,4.7,6.244346985,NA,NA
2346,Pierre Garcon,SF,WR,31,9,11,7.83575,7.166,8.7284,11.371542,32,0.187375,11,1.5624,NA,36,6.7,6.932033475,NA,NA
2557976,Joe Mixon,CIN,RB,21,0,6,7.7315,5.3788,9.07,12.557622,33,0.551375,12,3.6912,NA,34.9,3.9,6.714157995,NA,NA
2543471,Kelvin Benjamin,CAR,WR,26,3,11,7.67575,7.4935,7.7927,11.3915571,33,0.05625,12,0.2992,NA,22.5,6.1,6.747002838,NA,NA
2534797,Greg Zuerlein,LAR,K,30,5,9,7.625985915,6.637197183,8.614774648,11.30628672,14,0.167236752,9,1.977577465,NA,20,3.1,5.873817309,NA,NA
2552409,DeVante Parker,MIA,WR,24,2,11,7.621,6.9757,8.2165,11.2714665,34,0.058,12,1.2408,NA,32.1,13.8,9.164177677,NA,NA
2553913,Tyrell Williams,LAC,WR,NA,NA,8,7.618,7.0864,8.1088,11.3745072,35,0.132875,12,1.0224,NA,38.8,7.6,7.219857845,NA,NA
497236,Jimmy Graham,SEA,TE,31,7,6,7.5775,6.838,8.434,10.986066,5,0.65325,4,1.596,NA,4.6,2.5,8.197244015,NA,NA
100031,Buccaneers,TB,DST,NA,NA,11,7.56,6.608,10.512,12.691056,4,0.875,4,3.904,NA,12.3,5.3,8.572641544,NA,NA
1581,DeSean Jackson,TB,WR,31,9,11,7.508,6.598,8.3196,11.252934,36,0.060875,12,1.7216,NA,32.7,12.2,8.64835801,NA,NA
2550636,Cairo Santos,KC,K,26,3,10,7.482624113,7.256524823,7.708723404,11.09373851,15,0.060597965,9,0.452198582,NA,11,4.2,6.729396858,NA,NA
2552656,J.J. Nelson,ARI,WR,25,2,8,7.46225,7.151,7.7966,11.201043,37,0.03325,13,0.6456,NA,60.6,10.8,8.1859001,NA,NA
2541556,Brandon McManus,DEN,K,26,3,5,7.434874214,7.414974843,7.454773585,11.02294451,16,0.120198966,10,0.039798742,NA,12.5,4.1,6.633300988,NA,NA
2532903,Rishard Matthews,TEN,WR,28,5,8,7.432,6.5847,8.7695,10.0868691,38,0.0725,13,2.1848,NA,38,6.8,6.563630535,NA,NA
2543847,John Brown,ARI,WR,27,3,8,7.426,6.4836,8.2708,11.282586,39,0.216125,13,1.7872,NA,35.7,8.3,7.414361675,NA,NA
2539227,Dustin Hopkins,WAS,K,27,4,5,7.409178082,7.385835616,7.432520548,10.98484742,17,0.199647431,11,0.046684932,NA,14,5.2,7.524337182,NA,NA
2543475,Marqise Lee,JAC,WR,26,3,8,7.293,6.7132,7.6664,11.3359596,40,0.202125,13,0.9532,NA,47.1,9,7.654136729,NA,NA
2495438,Kyle Rudolph,MIN,TE,28,6,9,7.287,6.4036,8.3592,10.556112,6,0.82325,4,1.9556,NA,6.9,1.4,7.555153315,NA,NA
2533444,Randy Bullock,CIN,K,28,5,6,7.220172414,7.132034483,7.308310345,10.70462762,18,0.082091606,12,0.176275862,NA,20.9,2.4,5.179581509,NA,NA
2506677,Matt Prater,DET,K,33,11,7,7.198888889,7.135777778,7.262,10.67307267,19,0.185981692,13,0.126222222,NA,12,4.7,7.052433888,NA,NA
2552374,Ameer Abdullah,DET,RB,24,2,7,7.1905,6.2562,8.1122,10.7355066,34,0.048125,12,1.856,NA,28.3,3.9,6.236504432,NA,NA
2543770,Charles Sims,TB,RB,27,3,11,7.16975,5.9072,8.564,10.407852,35,0.2775,12,2.6568,NA,51.6,8.2,7.790176156,NA,NA
2550353,Allen Hurns,JAC,WR,26,3,8,7.12675,5.8088,8.6844,10.407852,41,0.11075,13,2.8756,NA,55.3,8.9,7.333077409,NA,NA
2543773,James White,NE,RB,25,3,9,7.115,7.058,7.33,10.511634,36,0.465125,12,0.272,NA,34,6.4,7.131052752,NA,NA
2556771,Aldrick Rosas,NYG,K,23,1,8,7.077272727,6.819090909,7.335454545,10.49276455,20,0.139082975,14,0.516363636,NA,18.8,5.6,7.751151714,NA,NA
2541785,Adam Thielen,MIN,WR,27,3,9,7.055,6.6508,7.818,10.096506,42,0.087125,14,1.1672,NA,35.5,8.1,6.981045005,NA,NA
497284,Eric Decker,TEN,WR,30,7,8,6.977,5.918,8.7964,8.999382,43,0.0235,14,2.8784,NA,46.5,7.4,6.416056263,NA,NA
2507763,Mike Wallace,BAL,WR,31,8,10,6.95875,6.1128,7.7476,10.467156,44,0.053125,14,1.6348,NA,45.8,9.2,7.447188948,NA,NA
2495259,Dan Bailey,DAL,K,29,6,6,6.948541667,6.851375,7.045708333,10.30190788,21,0.094126294,15,0.194333333,NA,7.9,3.4,5.914802077,NA,NA
2495893,Brandon Marshall,NYG,WR,33,11,8,6.94825,6.6504,7.304,10.793328,45,0.08675,14,0.6536,NA,43.9,11.1,8.154496992,NA,NA
2495150,Kai Forbath,MIN,K,30,6,9,6.927837838,6.686108108,7.169567568,10.27121238,22,0.226508051,15,0.483459459,NA,19.8,4.1,6.480513781,NA,NA
2533040,Mohamed Sanu,ATL,WR,28,5,5,6.863,6.6736,7.0028,10.066854,46,0.061,15,0.3292,NA,61.3,12.1,8.246919171,NA,NA
2649,Danny Amendola,NE,WR,32,9,9,6.86,0.686,6.174,5.085318,47,0.12275,16,5.488,NA,53.4,17.5,8.416165736,NA,NA
2550325,Chandler Catanzaro,NYJ,K,26,3,11,6.780992908,6.508198582,7.053787234,10.05350009,23,0.160159574,16,0.545588652,NA,28.9,2.8,5.374070711,NA,NA
2552430,Tyler Lockett,SEA,WR,25,2,6,6.744,6.4466,7.2262,9.6561738,48,0.01675,17,0.7796,NA,65.9,9.4,7.258257267,NA,NA
2550617,Taylor Gabriel,ATL,WR,26,3,5,6.7305,6.2029,7.7973,9.3322257,49,0.036125,17,1.5944,NA,61.9,7.6,6.583519981,NA,NA
2532884,Marvin Jones,DET,WR,27,5,7,6.724,6.0596,7.1016,10.318896,50,0.11075,17,1.042,NA,52,6.5,6.540292419,NA,NA
100026,Cardinals,ARI,DST,NA,NA,8,6.705,5.069,10.341,11.423433,5,0.1475,5,5.272,NA,3.5,3.2,5.711275852,NA,NA
234,Matt Forte,NYJ,RB,32,9,11,6.6695,5.5704,7.64,10.556112,37,0.197375,12,2.0696,NA,41,5.3,6.723289005,NA,NA
100028,Chargers,LAR,DST,NA,NA,9,6.665,6.077,7.253,9.881529,6,0.3175,6,1.176,NA,12.8,3.9,5.294667061,NA,NA
2555295,Sterling Shepard,NYG,WR,NA,1,8,6.66475,6.429,6.9986,9.703617,51,0.144125,17,0.5696,NA,49.8,10.4,7.591818005,NA,NA
2558250,Tarik Cohen,CHI,RB,22,0,9,6.63025,4.3588,8.39,10.956414,38,0.359625,12,4.0312,NA,32.3,9,8.23901261,NA,NA
2550380,Cody Parkey,MIA,K,25,3,11,6.621666667,6.231,7.012333333,9.817283,24,0.08530303,17,0.781333333,NA,24.9,3.8,6.143132424,NA,NA
2556601,Wil Lutz,NO,K,23,1,5,6.62,6.62,6.62,9.814812,25,0.218636364,18,0,NA,NA,NA,6.444642315,NA,NA
2552415,Jamison Crowder,WAS,WR,24,2,5,6.56175,5.8612,6.9112,10.15581,52,0.12925,18,1.05,NA,33.5,4.4,5.820043355,NA,NA
2540158,Zach Ertz,PHI,TE,27,4,10,6.5615,6.038,7.4108,9.355206,7,0.27725,5,1.3728,NA,5.3,2.3,7.333022933,NA,NA
2556462,Robby Anderson,NYJ,WR,24,1,11,6.4795,5.8252,7.1616,9.325554,53,0.10975,18,1.3364,NA,54.8,9.6,7.218997795,NA,NA
2556521,Kaimi Fairbairn,HOU,K,23,1,7,6.452727273,6.206909091,6.698545455,9.566813455,26,0.16993007,18,0.491636364,NA,25.3,3.9,6.173932481,NA,NA
100032,Redskins,WAS,DST,NA,NA,5,6.45,6.01,6.89,9.56277,7,0.2725,7,0.88,NA,18.3,6.5,7.520103569,NA,NA
2543614,Donte Moncrief,IND,WR,24,3,11,6.3855,6.2428,6.6432,9.355206,54,0.0505,18,0.4004,NA,57.8,9.5,7.196358991,NA,NA
71265,Jared Cook,OAK,TE,30,8,10,6.366,5.166,7.2412,9.770334,8,0.242625,5,2.0752,NA,17.5,3.3,7.928421085,NA,NA
2543500,Jordan Matthews,BUF,WR,25,3,6,6.354,6.0516,6.6824,9.874116,55,0.058875,18,0.6308,NA,45.4,6.2,6.306073551,NA,NA
2507463,Connor Barth,CHI,K,31,9,9,6.35,6.254,6.446,9.41451,27,0.206446983,19,0.192,NA,26.9,1.9,4.508833084,NA,NA
71217,Kenny Britt,CLE,WR,29,8,9,6.316,4.9756,7.5,9.547944,56,0.121375,18,2.5244,NA,53.8,7.2,6.52322257,NA,NA
2552631,Javorius Allen,BAL,RB,26,2,10,6.314,4.9496,7.304,10.496808,39,0.095,13,2.3544,NA,36.3,9.4,8.271047994,NA,NA
2540202,Kenny Stills,MIA,WR,25,4,11,6.27425,5.838,6.8456,9.103164,57,0.203625,18,1.0076,NA,62.7,8.9,6.926560298,NA,NA
100014,Colts,IND,DST,NA,NA,11,6.245,5.161,7.329,9.258837,8,0.1375,8,2.168,NA,25.9,5.2,6.084178392,NA,NA
2540020,Theo Riddick,DET,RB,26,4,7,6.22725,5.674,6.7196,9.56277,40,0.019375,13,1.0456,NA,37.2,5.3,6.462892026,NA,NA
2503471,Adam Vinatieri,IND,K,45,21,11,6.215594406,5.97206993,6.459118881,9.215240266,28,0.408831397,20,0.487048951,NA,18.3,5,7.001255637,NA,NA
2552461,Duke Johnson,CLE,RB,24,2,9,6.21075,5.178,6.9868,9.56277,41,0.07075,13,1.8088,NA,43.2,6.4,6.88231534,NA,NA
2540156,Giovani Bernard,CIN,RB,26,4,6,6.205,4.605,6.981,10.296657,42,0.189,13,2.376,NA,44.1,5.4,6.693404261,NA,NA
2495966,Delanie Walker,TEN,TE,33,11,8,6.2025,5.952,6.696,8.8956,9,0.218875,6,0.744,NA,7.3,1.8,6.913988564,NA,NA
2552597,Breshad Perriman,BAL,WR,24,2,10,6.115,5.5256,6.7388,8.37669,58,0.122,19,1.2132,NA,74.9,10.4,7.178371625,NA,NA
100008,Cowboys,DAL,DST,NA,NA,6,6.11,5.478,6.742,9.058686,9,0.005,8,1.264,NA,18.5,5,5.756260472,NA,NA
100016,Chiefs,KC,DST,NA,NA,10,6.105,5.829,8.381,10.533873,10,0.0525,9,2.552,NA,11,4.4,6.220473731,NA,NA
100004,Panthers,CAR,DST,NA,NA,11,6.105,5.989,8.221,10.533873,11,0.12,9,2.232,NA,7.8,5.7,7.444375166,NA,NA
2556075,Derrick Henry,TEN,RB,23,1,8,6.075,6.021,6.173,9.110577,43,0.12125,13,0.152,NA,43.8,5.3,6.344353103,NA,NA
2507374,Steven Hauschka,BUF,K,NA,NA,6,6.071511628,6.00872093,6.134302326,9.00162314,29,0.692228572,21,0.125581395,NA,19.2,4.2,6.304180945,NA,NA
2555415,Austin Hooper,ATL,TE,NA,1,5,6.04425,4.332,7.0268,9.755508,10,0.14425,6,2.6948,NA,13.8,3.3,7.921283715,NA,NA
2558052,Kenny Golladay,DET,WR,24,0,7,6.02625,5.6784,6.2868,9.310728,59,0.113875,19,0.6084,NA,52.8,10.7,7.56503441,NA,NA
100013,Texans,HOU,DST,NA,NA,7,6,5.68,6.32,8.8956,12,0.0475,10,0.64,NA,5.9,3.5,4.230297671,NA,NA
100027,Steelers,PIT,DST,NA,NA,9,5.97,5.826,8.114,10.333722,13,0.0525,11,2.288,NA,11.5,2.5,4.292069318,NA,NA
2557863,Zay Jones,BUF,WR,22,0,6,5.95975,5.4068,6.5376,8.717688,60,0.106,19,1.1308,NA,57.6,6.7,6.105140715,NA,NA
2507164,Adrian Peterson,NO,RB,32,10,5,5.957,4.0344,7.868,8.391516,44,0.0155,13,3.8336,NA,38.5,7.6,7.032832802,NA,NA
2539217,Andre Ellington,ARI,RB,28,4,8,5.9505,3.6296,7.748,9.399684,45,0.07025,13,4.1184,NA,51.2,10,8.212221714,NA,NA
100015,Jaguars,JAC,DST,NA,NA,8,5.935,5.403,6.467,8.799231,14,0.0675,12,1.064,NA,12.3,3.5,4.163070631,NA,NA
2506467,Darren Sproles,PHI,RB,34,12,10,5.9325,5.506,6.218,8.96973,46,0.214375,13,0.712,NA,41.7,4.9,6.154913575,NA,NA
2540148,Tyler Eifert,CIN,TE,27,4,6,5.923,5.4388,6.596,8.539776,11,0.09225,7,1.1572,NA,10.1,2.9,7.177798642,NA,NA
100018,Raiders,OAK,DST,NA,NA,10,5.9,5.34,6.46,8.74734,15,0.07,12,1.12,NA,6.6,4.3,4.88004157,NA,NA
1062,Martellus Bennett,GB,TE,30,9,8,5.877,5.1799,6.4175,9.2625435,12,0.09575,7,1.2376,NA,9.5,1.7,7.051083298,NA,NA
2532977,Kendall Wright,CHI,WR,28,5,9,5.865,5.6752,6.3168,8.5634976,61,0.06025,19,0.6416,NA,50.2,7.6,6.343998251,NA,NA
2543491,Paul Richardson,SEA,WR,25,3,6,5.8425,5.4232,6.2796,8.317386,62,0.11075,19,0.8564,NA,53.2,11.1,7.383038383,NA,NA
100025,Eagles,PHI,DST,NA,NA,10,5.835,4.983,6.687,8.650971,16,0.01,12,1.704,NA,17.8,2.9,3.49476683,NA,NA
2495473,Shane Vereen,NYG,RB,28,6,8,5.828,4.754,6.734,9.384858,47,0.271875,13,1.98,NA,46.5,5.8,6.606900722,NA,NA
100017,Rams,LAC,DST,NA,NA,8,5.825,4.645,7.005,8.636145,17,0.0325,12,2.36,NA,12.3,5.8,6.214665872,NA,NA
100019,Dolphins,MIA,DST,NA,NA,11,5.825,5.365,6.285,8.636145,17,0.14,13,0.92,NA,21.3,4.8,5.273203229,NA,NA
2532838,Coby Fleener,NO,TE,29,5,5,5.7845,4.9304,6.612,9.399684,13,0.057875,7,1.6816,NA,13.1,3.6,7.868652365,NA,NA
2543466,Eric Ebron,DET,TE,24,3,7,5.778,5.4034,6.0482,8.7428922,14,0.13075,8,0.6448,NA,16.8,3.6,7.552466864,NA,NA
2552458,Devin Funchess,CAR,WR,23,2,11,5.767,5.4224,5.9248,8.7532704,63,0.093875,20,0.5024,NA,71.9,10.2,7.231951587,NA,NA
100001,Falcons,ATL,DST,NA,NA,5,5.76,5.232,6.288,8.539776,19,0.17,13,1.056,NA,21.8,4.4,4.829391132,NA,NA
2557848,Corey Davis,TEN,WR,22,0,8,5.6965,4.4876,6.2828,9.2721804,64,0.072625,20,1.7952,NA,44.6,8.8,6.947344912,NA,NA
2550656,Cameron Brate,TB,TE,26,3,11,5.67525,5.2863,6.2047,8.4678699,15,0.104,8,0.9184,NA,16.3,3.7,7.459623824,NA,NA
497302,Brandon LaFell,CIN,WR,31,7,6,5.64975,4.6523,6.8971,8.0972199,65,0.09825,20,2.2448,NA,74.6,6.9,5.975569771,NA,NA
2555341,Hunter Henry,LAC,TE,23,1,8,5.61925,4.0773,6.4549,9.1246617,16,0.363125,8,2.3776,NA,14,2.7,7.38025754,NA,NA
100012,Titans,TEN,DST,NA,NA,8,5.61,5.378,5.842,8.317386,20,0.105,14,0.464,NA,14.9,5.2,5.427421923,NA,NA
2540011,Chris Thompson,WAS,RB,27,4,5,5.60825,5.3764,5.902,8.287734,48,0.188375,14,0.5256,NA,45.7,5.3,6.128651128,NA,NA
2555333,Corey Coleman,CLE,WR,23,1,9,5.598,5.1868,5.7948,8.584254,66,0.245875,21,0.608,NA,39.6,7.2,6.22295425,NA,NA
100003,Bills,BUF,DST,NA,NA,6,5.57,5.306,5.834,8.258082,21,0.14,14,0.528,NA,21.3,5.1,5.291905173,NA,NA
2506264,Robbie Gould,SF,K,35,12,11,5.542014388,5.159625899,5.924402878,8.216590532,30,1.431238526,22,0.764776978,NA,28.6,3.2,5.327553422,NA,NA
2495139,Charles Clay,BUF,TE,28,6,6,5.52325,5.1952,6.084,7.887432,17,0.57375,8,0.8888,NA,14.3,4.7,7.575747565,NA,NA
2540169,Robert Woods,LAR,WR,25,4,9,5.505,4.8799,6.6167,7.5901707,67,0.367625,21,1.7368,NA,71.3,8.1,6.200116396,NA,NA
925,Jamaal Charles,DEN,RB,31,9,5,5.504,4.839,6.319,7.405587,49,0.23325,14,1.48,NA,47.6,5.9,6.126179418,NA,NA
100020,Vikings,MIN,DST,NA,NA,9,5.44,5.072,5.808,8.065344,22,0.0725,15,0.736,NA,15.1,4.8,4.8750123,NA,NA
100021,Patriots,NE,DST,NA,NA,9,5.42,4.876,5.964,8.035692,23,0.1425,15,1.088,NA,20,5.7,5.701643435,NA,NA
2540168,Eddie Lacy,SEA,RB,26,4,6,5.33575,4.8884,6.102,7.33887,50,0.25925,14,1.2136,NA,50.3,10.2,7.74825393,NA,NA
100005,Bears,CHI,DST,NA,NA,9,5.315,5.303,5.327,7.880019,24,0.17,16,0.024,NA,24.1,4.3,4.274998209,NA,NA
100009,Broncos,DEN,DST,NA,NA,5,5.24,5.552,6.928,9.251424,25,0.2675,17,1.376,NA,11,5.9,6.738030931,NA,NA
2558178,Zane Gonzalez,CLE,K,NA,0,9,5.216551724,4.461793103,5.971310345,7.734059586,31,3.714051724,23,1.509517241,NA,29.7,1.5,3.840457949,NA,NA
2543603,Jeremy Hill,CIN,RB,25,3,6,5.20575,3.104,6.8584,8.243256,51,0.492125,14,3.7544,NA,41.1,5.9,6.345767915,NA,NA
2532790,Travis Benjamin,LAC,WR,28,5,8,5.19925,4.6872,5.7832,8.124648,68,0.193,22,1.096,NA,73.5,10.1,7.004206421,NA,NA
2535698,Cole Beasley,DAL,WR,28,5,6,5.0755,4.356,6.1656,6.553092,69,0.140125,22,1.8096,NA,58.1,9.1,6.195759786,NA,NA
100029,49ers,SF,DST,NA,NA,11,5.05,4.69,5.41,7.48713,26,0.1825,18,0.72,NA,27.2,4.1,3.812626209,NA,NA
2505299,Antonio Gates,LAC,TE,37,14,8,4.989,3.784,5.9728,7.590912,18,0.128,9,2.1888,NA,19.7,3.9,7.116558732,NA,NA
2555417,C.J. Prosise,SEA,RB,23,1,6,4.94725,4.2152,6,6.879264,52,0.54025,15,1.7848,NA,51,6.6,6.255113629,NA,NA
2550328,Brandon Coleman,NO,WR,25,3,5,4.937,4.215,5.8762,6.9103986,70,0.045375,22,1.6612,NA,70.1,12.6,7.422814082,NA,NA
2532887,Jermaine Kearse,NYJ,WR,27,5,11,4.93375,4.124,5.872,7.175784,71,0.08825,22,1.748,NA,59.4,9.8,6.612924124,NA,NA
2543721,C.J. Fiedorowicz,HOU,TE,26,3,7,4.91,0.491,4.419,3.639783,19,0.0995,10,3.928,NA,NA,NA,6.623786174,NA,NA
100007,Browns,CLE,DST,NA,NA,9,4.895,4.731,5.059,7.257327,27,0.1,19,0.328,NA,26.5,5.2,4.687924482,NA,NA
2557898,Cooper Kupp,LAR,WR,24,0,9,4.8495,3.1724,6.44,7.249914,72,0.022375,22,3.2676,NA,42.6,12.9,7.62423441,NA,NA
2539964,Marquise Goodwin,SF,WR,27,4,11,4.8415,4.4872,5.1248,7.146132,73,0.06975,23,0.6376,NA,69.3,5.7,5.296694079,NA,NA
100023,Giants,NYG,DST,NA,NA,8,4.84,4.568,5.112,7.175784,28,0.22,20,0.544,NA,11.3,3.2,2.748114778,NA,NA
2539336,Tavon Austin,LAR,WR,26,4,9,4.81275,4.5641,5.2121,7.0875693,74,0.12375,23,0.648,NA,82.8,11.6,7.15923896,NA,NA
2552633,Jesse James,PIT,TE,23,2,9,4.812,3.9808,5.8996,6.8555424,20,0.037625,11,1.9188,NA,23.7,2.8,6.327438205,NA,NA
2540232,Jack Doyle,IND,TE,27,4,11,4.809,4.4747,5.2659,6.8992791,21,0.231375,11,0.7912,NA,21,3.9,6.783600411,NA,NA
100011,Packers,GB,DST,NA,NA,8,4.75,4.47,5.03,7.04235,29,0.44,21,0.56,NA,24.4,3.7,3.125762506,NA,NA
2505629,Jason Witten,DAL,TE,35,14,6,4.73975,4.064,5.6792,6.701352,22,0.371875,11,1.6152,NA,14.6,2.9,6.292764734,NA,NA
2539205,Terrance Williams,DAL,WR,28,4,6,4.73075,4.0528,5.5828,6.716178,75,0.107875,23,1.53,NA,74.6,6,5.258361702,NA,NA
2552600,Nelson Agholor,PHI,WR,24,2,10,4.64725,3.9823,5.3167,6.9141051,76,0.073875,23,1.3344,NA,54.2,8.9,6.244489259,NA,NA
2539291,Markus Wheaton,CHI,WR,26,4,9,4.5985,3.6398,5.2114,7.4382042,77,0.084875,23,1.5716,NA,97,5,5.164553669,NA,NA
2495459,Torrey Smith,PHI,WR,28,6,10,4.54825,3.8821,5.2229,6.7525017,78,0.13325,23,1.3408,NA,69.2,3.8,4.568367253,NA,NA
100010,Lions,DET,DST,NA,NA,7,4.49,4.402,4.578,6.656874,30,0.485,22,0.176,NA,20.9,4.6,3.704170724,NA,NA
262,Chris Johnson,FA,RB,32,9,NA,4.48,0.448,4.032,3.321024,53,0.168125,16,3.584,NA,NA,NA,5.187358188,NA,NA
2550597,Seth Roberts,OAK,WR,NA,NA,10,4.479,3.8504,5.0772,6.464136,79,0.13875,24,1.2268,NA,83.4,12.4,7.220011092,NA,NA
497238,Jermaine Gresham,ARI,TE,29,7,8,4.4155,4.2088,4.74,6.37518,23,0.16625,12,0.5312,NA,27.9,5,6.966401338,NA,NA
2550272,Albert Wilson,KC,WR,25,3,10,4.351,4.2308,4.5344,6.3929712,80,0.02225,24,0.3036,NA,87.4,10.7,6.655914325,NA,NA
2555464,DeAndre Washington,OAK,RB,24,1,10,4.334,3.944,4.5464,6.464136,54,0.11325,17,0.6024,NA,57.5,5.1,5.574350129,NA,NA
2553737,Eli Rogers,PIT,WR,NA,NA,9,4.3295,3.2419,5.4171,6.4189167,81,0.033375,24,2.1752,NA,85.9,8.3,5.898930558,NA,NA
2552652,Chris Conley,KC,WR,25,2,10,4.328,4.1345,4.4513,6.2751045,82,0.149375,24,0.3168,NA,72,7,5.439709499,NA,NA
2557858,Evan Engram,NYG,TE,23,0,8,4.32025,3.1321,5.1641,6.8503533,24,0.248375,12,2.032,NA,20.4,3.8,6.720491911,NA,NA
2558019,Alvin Kamara,NO,RB,21,0,5,4.28975,3.6676,4.658,6.89409,55,0.162625,17,0.9904,NA,48.1,7.3,6.525905896,NA,NA
2555343,Josh Doctson,WAS,WR,NA,1,5,4.26425,3.3496,5.8224,5.5567848,83,0.20075,24,2.4728,NA,81.2,16.7,8.308043599,NA,NA
2495353,Julius Thomas,MIA,TE,29,6,11,4.17825,3.7504,4.5708,6.3069804,25,0.349625,13,0.8204,NA,20.9,4.1,6.577572828,NA,NA
2533460,Robert Turbin,IND,RB,28,5,11,4.15175,3.5162,4.5002,6.4359666,56,0.0795,17,0.984,NA,68.5,6.2,5.986389051,NA,NA
100024,Jets,NYJ,DST,NA,NA,11,4.13,3.866,4.394,6.123138,31,0.25,23,0.528,NA,30.8,1.4,0.319155892,NA,NA
2539265,Rex Burkhead,NE,RB,27,4,9,4.1025,3.783,4.551,5.745075,57,0.1115,17,0.768,NA,52,6.1,5.76714773,NA,NA
2552463,Jaelen Strong,HOU,WR,23,2,7,4.093,3.0802,4.8766,6.3470106,84,0.07175,25,1.7964,NA,76.9,7.4,5.589625454,NA,NA
2556885,Jalen Richard,OAK,RB,24,1,10,4.042,3.614,4.4116,6.15279,58,0.116125,18,0.7976,NA,60.6,5.9,5.797768303,NA,NA
2495189,Jeremy Kerley,NYJ,WR,29,6,11,4.034,3.304,5.3808,5.218752,85,0.11025,25,2.0768,NA,93.3,15.1,7.692673435,NA,NA
2555466,Tyler Boyd,CIN,WR,23,1,6,4.0085,3.3099,5.3459,5.0845767,86,0.17125,25,2.036,NA,79,10.3,6.120731017,NA,NA
2557856,O.J. Howard,TB,TE,23,0,11,3.9655,3.5943,4.3679,5.9296587,26,0.3205,14,0.7736,NA,26.7,3.3,6.079485327,NA,NA
2550268,Charcandrick West,KC,RB,26,3,10,3.94,3.326,4.486,5.55975,59,0.083875,18,1.16,NA,59.8,7.4,6.214248302,NA,NA
2541161,Latavius Murray,MIN,RB,27,4,9,3.91175,3.166,4.4172,6.093486,60,0.121875,18,1.2512,NA,58.2,11.1,7.764950605,NA,NA
100022,Saints,NO,DST,NA,NA,5,3.88,3.784,3.976,5.752488,32,NA,24,0.192,NA,30.8,1,-0.315994704,NA,NA
2495425,Scott Tolzien,IND,QB,30,6,11,3.866,0.1112,10.316,0.563388,33,3.0053,19,10.2048,NA,32.6,1.7,3.656840526,NA,NA
2495453,Andre Holmes,BUF,WR,29,6,6,3.839,3.4888,4.316,6.137964,87,0.07775,25,0.8272,NA,83.4,10.7,6.576458708,NA,NA
2555214,Laquon Treadwell,MIN,WR,22,1,9,3.8355,3.277,4.4482,5.6353626,88,0.176,25,1.1712,NA,94.6,10.5,6.356101571,NA,NA
2558204,Jamaal Williams,GB,RB,NA,0,8,3.8005,1.8956,5.382,6.034182,61,0.029125,18,3.4864,NA,64.2,8,6.567393361,NA,NA
2550658,Branden Oliver,LAC,RB,26,3,8,3.77925,3.0736,4.9936,4.6968768,62,0.065,18,1.92,NA,67.2,10,6.979416913,NA,NA
2550512,Damien Williams,MIA,RB,25,3,11,3.7635,3.0964,4.4404,5.8147572,63,0.21075,18,1.344,NA,68.9,6,5.747284992,NA,NA
238457,Zach Miller,CHI,TE,33,8,9,3.69175,2.736,4.3736,5.811792,27,0.231125,15,1.6376,NA,20.9,3.9,6.260074305,NA,NA
2541966,Jaron Brown,ARI,WR,27,4,8,3.687,2.3744,4.528,6.049008,89,0.096,25,2.1536,NA,94.7,23.2,10.53347035,NA,NA
2558865,Chris Carson,SEA,RB,23,0,6,3.665,0.706,3.746,5.233578,64,0.310375,19,3.04,NA,43.8,10.6,7.348885365,NA,NA
2555348,Braxton Miller,HOU,WR,25,1,7,3.632,3.0674,4.1438,5.3358774,90,0.106125,26,1.0764,NA,93.6,12.2,6.804710522,NA,NA
2495888,Marcedes Lewis,JAC,TE,33,11,8,3.59825,3.338,3.9084,5.292882,28,0.31325,15,0.5704,NA,36.6,6.7,7.117811346,NA,NA
2553895,Adam Humphries,TB,WR,NA,NA,11,3.55,2.83,4.27,5.26323,91,0.052375,26,1.44,NA,91.3,12.9,7.005219718,NA,NA
2541944,Russell Shepard,CAR,WR,27,4,11,3.50175,2.6191,4.2159,5.4196443,92,0.11525,26,1.5968,NA,90,10.7,6.352643322,NA,NA
2550198,Bennie Fowler,DEN,WR,26,3,5,3.4935,3.0782,3.9234,5.5612326,93,0.22825,26,0.8452,NA,97.7,11.8,6.747415795,NA,NA
2558918,Matt Breida,SF,RB,22,0,11,3.4405,3.1921,3.6889,5.1008853,65,0.197875,20,0.4968,NA,64.1,8.7,6.589642542,NA,NA
2540215,Vance McDonald,PIT,TE,27,4,9,3.323,2.2358,4.4102,4.9266798,29,0.11775,15,2.1744,NA,33.1,4.1,5.913083659,NA,NA
2534436,Deonte Thompson,CHI,WR,28,5,9,3.2795,2.256,4.9984,3.85476,94,0.049125,26,2.7424,NA,83.4,9.4,5.450641977,NA,NA
2552471,T.J. Yeldon,JAC,RB,24,2,8,3.26875,2.4332,3.9612,5.1683436,66,0.1105,20,1.528,NA,71.4,8.8,6.645455609,NA,NA
2558066,Curtis Samuel,CAR,WR,21,0,11,3.251,2.4948,4.1272,4.788798,95,0.057875,26,1.6324,NA,92.6,11,6.251716549,NA,NA
2540200,Dion Sims,CHI,TE,26,4,9,3.247,3.0102,3.4838,4.8140022,30,0.124875,16,0.4736,NA,33.1,4.8,6.135725895,NA,NA
2555461,Wendell Smallwood,PHI,RB,23,1,10,3.2165,2.292,3.8168,5.129796,67,0.1775,20,1.5248,NA,59,8.4,6.482833083,NA,NA
2552424,Phillip Dorsett,NE,WR,24,2,9,3.20975,1.696,4.6072,4.922232,96,0.04975,26,2.9112,NA,94.1,13.1,6.962726587,NA,NA
2535964,Josh Bellamy,CHI,WR,28,5,9,3.1765,2.8841,3.4801,4.7154093,97,0.035,27,0.596,NA,88.8,29.1,11.99873715,NA,NA
2555364,Tyler Higbee,LAR,TE,24,1,9,3.1635,2.8711,3.5375,4.2810075,31,0.120875,16,0.6664,NA,30.7,4.4,5.720916722,NA,NA
2495331,Aldrick Robinson,SF,WR,29,6,11,3.1435,2.6288,3.5936,4.803624,98,0.083,27,0.9648,NA,95.9,12.8,6.830136997,NA,NA
497270,Arrelious Benn,JAC,WR,29,7,8,3.1395,2.786,3.4964,4.759146,99,0.179,27,0.7104,NA,104.5,19.8,9.047726542,NA,NA
2543600,Alfred Blue,HOU,RB,26,3,7,3.1,0.602,3.154,4.462626,68,0.164125,21,2.552,NA,80,2,3.867658494,NA,NA
2506122,Benjamin Watson,BAL,TE,37,13,10,3.08075,2.21,3.9644,4.462626,32,0.10975,16,1.7544,NA,27.6,5.7,6.322566828,NA,NA
2558172,Jake Elliott,FA,K,22,0,NA,3.005,0.601,5.409,4.455213,32,3.005,24,4.808,NA,NA,NA,4.26599881,NA,NA
2557986,David Njoku,CLE,TE,21,0,9,3.0045,2.51,3.6008,4.3351224,33,0.08625,16,1.0908,NA,28.5,3.4,5.351416338,NA,NA
2530700,Dontrelle Inman,LAC,WR,28,4,8,2.9815,1.986,3.6708,4.81845,100,0.15675,27,1.6848,NA,90,11,6.260955574,NA,NA
2507428,Mike Tolbert,BUF,RB,32,9,6,2.978,1.5492,4.406,4.255062,69,0.106375,22,2.8568,NA,58.5,8.2,6.177269497,NA,NA
2530660,Kamar Aiken,IND,WR,28,6,11,2.9395,1.4028,3.9472,5.0022924,101,0.2505,27,2.5444,NA,91.9,4.9,4.373689915,NA,NA
2553830,Will Tye,NYJ,TE,NA,NA,11,2.9375,2.5675,3.3075,4.3551375,34,0.06125,17,0.74,NA,44,5.6,6.231265715,NA,NA
2558266,George Kittle,SF,TE,24,0,11,2.899,2.8518,2.9462,4.2980574,35,0.07275,17,0.0944,NA,26.4,3.4,5.333572912,NA,NA
2557978,James Conner,PIT,RB,22,0,9,2.89375,2.4308,3.298,4.106802,70,0.04475,22,0.8672,NA,71.9,6.2,5.375816434,NA,NA
2495288,Virgil Green,DEN,TE,29,6,5,2.8535,2.5803,3.1267,4.2305991,36,0.063,17,0.5464,NA,38.6,5,5.933980734,NA,NA
2558123,Marlon Mack,IND,RB,NA,0,11,2.8495,2.2078,3.4078,4.7428374,71,0.01175,22,1.2,NA,53.9,6.6,5.695065799,NA,NA
284,Darren McFadden,DAL,RB,30,9,6,2.8485,1.6737,4.0233,4.2231861,72,0.1145,22,2.3496,NA,79.6,5.7,5.215678671,NA,NA
2495469,Dion Lewis,NE,RB,27,6,9,2.827,1.7022,3.6062,4.9681926,73,0.2265,22,1.904,NA,65.1,7.8,6.21169364,NA,NA
2552402,Nick Boyle,BAL,TE,24,2,10,2.799,2.1932,3.3288,4.403322,37,0.05525,17,1.1356,NA,40,7.6,7.045565739,NA,NA
2550284,Trey Burton,PHI,TE,26,3,10,2.782,2.5812,2.9828,4.1245932,38,0.09925,17,0.4016,NA,42.4,8.7,7.346490142,NA,NA
2558010,John Ross,CIN,WR,NA,0,6,2.71,0.5,2.836,3.7065,102,0.1225,28,2.336,NA,NA,NA,5.39953866,NA,NA
2552580,A.J. Derby,DEN,TE,26,2,5,2.7055,2.3822,3.2386,3.9007206,39,0.051,17,0.8564,NA,37.7,9.6,7.594712458,NA,NA
2552470,Sammie Coates,CLE,WR,24,2,9,2.668,1.0868,5.618,2.3039604,103,0.164,29,4.5312,NA,118.2,24.2,9.685359761,NA,NA
2541316,Ryan Griffin,HOU,TE,27,4,7,2.66,0.266,2.394,1.971858,40,0.12625,18,2.128,NA,45.5,0.5,3.066619346,NA,NA
2495826,Vernon Davis,WAS,TE,33,11,5,2.649,2.1348,3.306,3.750978,41,0.283625,19,1.1712,NA,35.6,2,4.516431451,NA,NA
2550481,Orleans Darkwa,NYG,RB,25,3,8,2.641,1.6072,3.556,4.59606,74,0.096375,22,1.9488,NA,70.8,11.9,7.677447013,NA,NA
2543715,Jerick McKinnon,MIN,RB,25,3,9,2.56,1.46,3.5704,4.477452,75,0.109375,22,2.1104,NA,67.2,6,5.396720701,NA,NA
2507999,Chris Ivory,JAC,RB,29,7,8,2.52925,1.86,3.5856,2.994852,76,0.292125,22,1.7256,NA,65.9,6,5.008068494,NA,NA
2540145,Cordarrelle Patterson,OAK,WR,26,4,10,2.507,2.1308,2.8836,3.3417804,104,0.0445,29,0.7528,NA,99.6,9,5.163295521,NA,NA
2543836,T.J. Jones,DET,WR,25,3,7,2.501,2.4906,2.5114,3.7079826,105,0.11375,29,0.0208,NA,NA,NA,5.400462563,NA,NA
2558149,JuJu Smith-Schuster,PIT,WR,21,0,9,2.424,1.8326,2.8982,3.9185118,106,0.08625,29,1.0656,NA,98.5,11.6,6.171818136,NA,NA
2541187,Demetrius Harris,KC,TE,26,4,10,2.4185,1.7693,3.0677,3.5856681,42,0.109,19,1.2984,NA,46.8,7.8,6.731050128,NA,NA
2559254,Shane Smith,NYG,RB,NA,NA,8,2.372,2.372,2.372,3.5167272,77,0.2715,23,0,NA,NA,NA,5.28996237,NA,NA
2555477,Charone Peake,NYJ,WR,25,1,11,2.3505,2.1317,2.5693,3.4848513,107,0.063,29,0.4376,NA,110,11.5,6.004819562,NA,NA
2556460,Geronimo Allison,GB,WR,23,1,8,2.325,0.122,3.354,0.904386,108,0.10125,30,3.232,NA,103.7,14.8,6.252761772,NA,NA
2541834,Josh Hill,NO,TE,27,4,5,2.31225,1.9076,2.8908,3.2231724,43,0.089625,20,0.9832,NA,41.8,2.4,4.420561785,NA,NA
2556365,Seth DeValve,CLE,TE,24,1,9,2.30675,2.0371,2.8339,3.1216143,44,0.21,20,0.7968,NA,31.7,5,5.400105441,NA,NA
2556396,Chester Rogers,IND,WR,23,1,11,2.25,0.9332,3.354,3.691674,109,0.074125,30,2.4208,NA,105,7,4.634759424,NA,NA
2553606,Jordan Taylor,DEN,WR,25,2,5,2.1975,2.0555,2.3395,3.2580135,110,0.053875,30,0.284,NA,116,14.5,6.890475912,NA,NA
2543759,Ryan Grant,WAS,WR,27,3,5,2.15425,1.4151,2.7175,3.4210995,111,0.067,30,1.3024,NA,91.1,16.3,7.515091486,NA,NA
2533046,Dwayne Allen,NE,TE,27,5,9,2.1385,1.6364,2.5692,3.3299196,45,0.14025,21,0.9328,NA,27.2,5.8,5.816826921,NA,NA
2558105,Chris Godwin,TB,WR,21,0,11,2.133,2.1066,2.1594,3.1623858,112,0.10225,30,0.0528,NA,95,8.5,4.94801027,NA,NA
2555230,Kenyan Drake,MIA,RB,NA,1,11,2.10225,1.7348,2.4868,2.9563044,78,0.006125,23,0.752,NA,77.3,5.8,4.921704753,NA,NA
2533457,Alfred Morris,DAL,RB,29,5,6,2.09875,1.506,2.614,3.128286,79,0.06625,23,1.108,NA,72.8,7.8,5.729376251,NA,NA
2555234,Tyler Ervin,HOU,RB,24,1,7,2.0935,0.904,3.4432,2.905896,80,0.12725,23,2.5392,NA,77.2,16.4,8.950206143,NA,NA
2557889,Gerald Everett,LAR,TE,23,0,9,2.055,1.7484,2.232,3.232068,46,0.22675,21,0.4836,NA,40.8,11.7,8.10347581,NA,NA
2558928,Austin Carr,NO,WR,24,0,5,2.0415,1.8483,2.2347,3.0267279,113,0.039125,30,0.3864,NA,NA,NA,4.975929352,NA,NA
2558150,ArDarius Stewart,NYJ,WR,NA,0,11,2.02,2.02,2.02,2.994852,114,0.045375,30,0,NA,81.7,11,5.692755521,NA,NA
2557870,Taywan Taylor,TEN,WR,NA,0,8,1.98475,1.3312,2.728,2.81694,115,0.051,30,1.3968,NA,96.9,8.8,4.936009115,NA,NA
2558138,Samaje Perine,WAS,RB,22,0,5,1.9715,1.6406,2.4646,2.7324318,81,0.04175,23,0.824,NA,65.8,8.5,5.892511857,NA,NA
2558202,Trent Taylor,SF,WR,23,0,11,1.9645,0.6306,3.3478,2.8154574,116,0.069,30,2.7172,NA,91.3,17,7.549529204,NA,NA
2552382,Malcolm Brown,LAR,RB,24,2,9,1.961,1.7672,2.196,3.172764,82,0.06925,23,0.4288,NA,70.5,6.7,5.321612504,NA,NA
2558207,Jonnu Smith,TEN,TE,22,0,8,1.9415,1.6339,2.2491,2.8784679,47,0.22925,21,0.6152,NA,59.2,20,11.21632935,NA,NA
2558208,Chad Williams,ARI,WR,23,0,8,1.903,1.903,1.903,2.8213878,117,0.08125,30,0,NA,NA,NA,4.847968853,NA,NA
2540230,Kyle Juszczyk,SF,RB,26,4,11,1.8985,1.3968,2.7968,2.2298304,83,0.029875,23,1.4,NA,73.6,14,7.857875326,NA,NA
2541388,Brice Butler,DAL,WR,27,4,6,1.888,1.7012,2.096,2.7072276,118,0.175625,30,0.3948,NA,98.3,9.3,5.06121387,NA,NA
2556762,Elijhaa Penny,ARI,RB,24,1,8,1.885,0.377,3.393,2.794701,84,0.159375,23,3.016,NA,86.7,22.8,11.36133832,NA,NA
2557934,Elijah McGuire,NYJ,RB,23,0,11,1.85225,1.2098,2.2978,3.2157594,85,0.26275,24,1.088,NA,85,6.6,5.294754026,NA,NA
2532978,Jarius Wright,MIN,WR,28,5,9,1.7555,1.216,2.4608,2.490768,119,0.159125,30,1.2448,NA,106.2,7.3,4.356212391,NA,NA
2552468,Maxx Williams,BAL,TE,23,2,10,1.715,1.3068,1.9216,2.74281,48,0.006,22,0.6148,NA,38.6,6.5,5.811073309,NA,NA
497224,Ed Dickson,CAR,TE,30,7,11,1.7095,1.1171,2.3019,2.5345047,49,0.03625,22,1.1848,NA,55.3,6.4,5.671238079,NA,NA
2495187,Lance Kendricks,GB,TE,29,6,8,1.7085,1.6865,1.7305,2.5330221,50,0.10525,22,0.044,NA,42.8,7,5.907855413,NA,NA
2555473,Ricardo Louis,CLE,WR,NA,1,9,1.66925,1.398,1.9848,2.1408744,120,0.17,30,0.5868,NA,92.4,8.2,4.534092361,NA,NA
2541199,Luke Willson,SEA,TE,27,4,6,1.638,1.5148,1.7612,2.4284988,51,0.07725,22,0.2464,NA,44.3,5.3,5.185098918,NA,NA
2558850,Donnel Pumphrey,PHI,RB,23,0,10,1.599,1.599,1.599,2.3706774,86,0.029,25,0,NA,NA,NA,4.689106058,NA,NA
2552375,Cameron Artis-Payne,CAR,RB,25,2,11,1.58,0.158,1.422,1.171254,87,0.024,25,1.264,NA,NA,NA,4.060266787,NA,NA
2552660,Randall Telfer,CLE,TE,25,2,9,1.5685,0.9913,2.1457,2.3254581,52,0.04375,22,1.1544,NA,73,11,7.390139371,NA,NA
2559325,Trey Edmunds,NO,RB,NA,NA,5,1.56,1.56,1.56,2.312856,88,0.0315,26,0,NA,NA,NA,4.658791186,NA,NA
2534820,Garrett Celek,SF,TE,29,5,11,1.553,0.7586,2.3474,2.3024778,53,0.10575,22,1.5888,NA,44.8,9,6.587972877,NA,NA
2559163,Justin Davis,LAR,RB,NA,0,9,1.552,0.5344,2.5696,2.3009952,89,0.06225,26,2.0352,NA,98.3,10.4,6.503872515,NA,NA
2552418,Justin Hardy,ATL,WR,26,2,5,1.5235,1.2434,1.6494,2.4418422,121,0.051,30,0.406,NA,102.8,12.6,6.030492976,NA,NA
2553762,Terron Ward,ATL,RB,NA,NA,5,1.505,1.501,1.509,2.231313,90,0.0395,26,0.008,NA,89.7,4.6,4.274101118,NA,NA
2540203,Levine Toilolo,ATL,TE,26,4,5,1.4965,1.3457,1.6473,2.2187109,54,0.10375,23,0.3016,NA,46.3,6,5.360991379,NA,NA
2550163,Michael Campanaro,BAL,WR,26,3,10,1.475,0.072,2.144,0.533736,122,0.02,30,2.072,NA,136.7,14.4,6.009762637,NA,NA
2552477,Aaron Ripkowski,GB,RB,NA,NA,8,1.4745,0.988,2.0184,1.808772,91,0.026,26,1.0304,NA,95.3,4.9,4.277723415,NA,NA
2541096,Ifeanyi Momah,ARI,WR,28,4,8,1.47,1.47,1.47,2.179422,123,0.0395,31,0,NA,NA,NA,4.447919059,NA,NA
2559169,Austin Ekeler,LAC,RB,NA,NA,8,1.4565,0.5873,2.3257,2.1594069,92,0.066375,26,1.7384,NA,98,3,3.645181212,NA,NA
2553631,Zach Zenner,DET,RB,NA,NA,7,1.4405,0.8881,1.9929,2.1356853,93,0.141625,26,1.1048,NA,78,14.2,7.909454695,NA,NA
2539235,Tavarres King,NYG,WR,27,4,8,1.44,1.44,1.44,2.134944,124,0.025,32,0,NA,NA,NA,4.420201984,NA,NA
81306,Brandon Tate,BUF,WR,30,8,6,1.421,0.574,2.9432,1.126776,125,0.039,32,2.3692,NA,127,8,4.154362037,NA,NA
2556592,Roger Lewis,NYG,WR,24,1,8,1.409,0.4683,1.9107,2.7005559,126,0.062,32,1.4424,NA,101.6,10.6,5.473546876,NA,NA
2552397,Clive Walford,OAK,TE,26,2,10,1.398,1.2796,1.5164,2.0726748,55,0.03275,24,0.2368,NA,43.8,7.5,5.88401596,NA,NA
2540259,MarQueis Gray,MIA,TE,27,4,11,1.3875,0.6671,2.1079,2.0571075,56,0.0475,24,1.4408,NA,NA,NA,5.099957631,NA,NA
2558069,Chad Hansen,NYJ,WR,22,0,11,1.355,0.405,2.317,1.994097,127,0.089125,32,1.912,NA,133.3,21.7,8.791866203,NA,NA
2557885,Jordan Leggett,NYJ,TE,22,0,11,1.343,0.4822,2.2038,1.9911318,57,0.01175,24,1.7216,NA,55.5,5.5,5.053656854,NA,NA
2556118,Dwayne Washington,DET,RB,NA,1,7,1.33975,1.1124,1.5844,2.3158212,94,0.09075,26,0.472,NA,79.4,6.7,5.096971528,NA,NA
2555419,Pharoh Cooper,LAR,WR,22,1,9,1.339,0.3266,2.0262,2.4210858,128,0.154875,32,1.6996,NA,134.5,20.4,8.51049638,NA,NA
2558144,Adam Shaheen,CHI,TE,23,0,9,1.337,1.337,1.337,1.9822362,58,0.06975,24,0,NA,49.3,6.1,5.286705503,NA,NA
2495835,Anthony Fasano,MIA,TE,33,11,11,1.3255,0.9035,1.7475,1.9651863,59,0.137,24,0.844,NA,58.5,10.5,7.018925382,NA,NA
2557850,DeAngelo Henderson,DEN,RB,25,0,5,1.258,1.0116,1.5044,1.8651108,95,0.032375,26,0.4928,NA,79,5.7,4.597527336,NA,NA
2556440,J.D. McKissic,SEA,RB,24,1,6,1.24,1.24,1.24,1.838424,96,0.07,26,0,NA,NA,NA,4.410053774,NA,NA
2557994,DOnta Foreman,HOU,RB,21,0,7,1.21125,0.602,1.7476,2.031162,97,0.0895,26,1.1456,NA,66.4,7.7,5.403644226,NA,NA
2553744,Eric Tomlinson,NYJ,TE,NA,NA,11,1.209,0.4882,1.9298,1.7924634,60,0.07025,24,1.4416,NA,76,17,9.506861623,NA,NA
2532933,Brian Quick,WAS,WR,28,5,5,1.19275,0.4248,1.6396,2.3187864,129,0.02625,32,1.2148,NA,133.3,9.2,4.90830481,NA,NA
2555331,Cody Core,CIN,WR,23,1,6,1.1755,0.8471,1.5039,1.7427963,130,0.0425,32,0.6568,NA,134.7,2.6,2.62489998,NA,NA
2550313,Richard Rodgers,GB,TE,25,3,8,1.168,1.0664,1.2696,1.7316768,61,0.06,25,0.2032,NA,52.8,10,6.708735908,NA,NA
2556569,Andy Jones,HOU,WR,NA,1,7,1.1575,0.2635,2.0515,1.7161095,131,0.10825,32,1.788,NA,127,6,3.700431069,NA,NA
2540037,Fozzy Whittaker,CAR,RB,28,5,11,1.12875,0.5932,1.4812,2.0845356,98,0.070625,26,0.888,NA,87.3,3.1,3.663683667,NA,NA
2535696,Joe Banyard,BUF,RB,29,5,6,1.11475,0.2658,1.8018,1.9703754,99,0.205375,26,1.536,NA,93.3,5.7,4.625121643,NA,NA
2552396,Ben Koyack,JAC,TE,24,2,8,1.1095,0.6331,1.5859,1.6449447,62,0.064,25,0.9528,NA,62.3,9.8,6.587871935,NA,NA
2558129,Isaiah McKenzie,DEN,WR,22,0,5,1.1085,0.5334,1.6314,1.7153682,132,0.1805,32,1.098,NA,NA,NA,4.158737569,NA,NA
497246,Michael Hoomanawanui,NO,TE,29,7,5,1.1065,0.9669,1.2461,1.6404969,63,0.1775,25,0.2792,NA,71.3,6.6,5.319965011,NA,NA
252,Chad Henne,JAC,QB,32,9,8,1.0198,0.52424,1.42536,1.44523848,34,0.3428,20,0.90112,NA,35,1,3.054567078,NA,NA
2558116,Aaron Jones,GB,RB,23,0,8,1.0015,0.5203,1.4827,1.4848239,100,0.197625,26,0.9624,NA,80.2,8.6,5.603590417,NA,NA
2543646,Bruce Ellington,HOU,WR,26,3,7,0.99,0.099,0.891,0.733887,133,0.1245,33,0.792,NA,102,16,6.582171334,NA,NA
2552399,Jeff Heuerman,DEN,TE,25,2,5,0.9845,0.6713,1.2977,1.4596197,64,0.12575,26,0.6264,NA,53.8,8.1,5.826216772,NA,NA
2555311,Jerell Adams,NYG,TE,25,1,8,0.8735,0.5611,1.1859,1.2950511,65,0.035,26,0.6248,NA,73,11.3,7.012757676,NA,NA
2558912,Victor Bolden,SF,WR,22,0,11,0.866,0.3492,1.3828,1.2839316,134,0.028375,34,1.0336,NA,NA,NA,3.889881934,NA,NA
2540151,Justin Hunter,PIT,WR,26,4,9,0.865,0.08,1.144,0.59304,135,0.073875,34,1.064,NA,NA,NA,3.459343358,NA,NA
2558956,Jacob Hollister,NE,TE,24,0,9,0.844,0.844,0.844,1.2513144,66,0.01325,26,0,NA,NA,NA,4.324125487,NA,NA
2533028,James Hanna,DAL,TE,28,5,6,0.833,0.833,0.833,1.2350058,67,0.01525,26,0,NA,NA,NA,4.308423272,NA,NA
2507218,Brent Celek,PHI,TE,32,10,10,0.8285,0.5497,1.1073,1.2283341,68,0.03725,26,0.5576,NA,51.3,4.5,4.29088737,NA,NA
2556466,Peyton Barber,TB,RB,23,1,11,0.81725,0.402,1.4332,0.96369,101,0.067,27,1.0312,NA,91.3,9.7,5.886402479,NA,NA
2543590,Cody Latimer,DEN,WR,25,3,5,0.81025,0.3836,1.2056,1.215732,136,0.0525,34,0.822,NA,125.5,14,6.094748899,NA,NA
2532835,Rhett Ellison,NYG,TE,29,5,8,0.807,0.4022,1.2118,1.1964582,69,0.05325,26,0.8096,NA,63.8,18.8,9.931932553,NA,NA
2553617,Terrell Watson,PIT,RB,24,2,9,0.7905,0.1581,1.4229,1.1719953,102,0.0855,27,1.2648,NA,NA,NA,4.06065544,NA,NA
2543628,Troy Niklas,ARI,TE,25,3,8,0.7755,0.7335,0.8175,1.1497563,70,0.12825,27,0.084,NA,51.7,7.4,5.400159485,NA,NA
2553499,Damiere Byrd,CAR,WR,NA,NA,11,0.772,0.2184,1.3256,1.1445672,137,0.03075,34,1.1072,NA,133.3,3.3,2.661647454,NA,NA
2557905,Amara Darboh,SEA,WR,23,0,6,0.7435,0.4402,1.4018,0.6538266,138,0.008375,34,0.9616,NA,133,13.5,5.760280222,NA,NA
2556612,Tanner McEvoy,SEA,WR,24,1,6,0.739,0.3568,1.0376,1.3402704,139,0.031875,34,0.6808,NA,NA,NA,3.92499023,NA,NA
2540928,Darren Fells,DET,TE,31,5,7,0.732,0.5464,0.9176,1.0852632,71,0.19225,27,0.3712,NA,64.3,5.4,4.578008354,NA,NA
2556752,Tommylee Lewis,NO,WR,25,1,5,0.73125,0.5032,1.0896,0.9429336,140,0.05075,34,0.5864,NA,103.8,18.3,7.380496546,NA,NA
2556603,Tre Madden,SEA,RB,24,1,6,0.71,0.142,1.278,1.052646,103,0.03025,27,1.136,NA,NA,NA,3.998082434,NA,NA
2558125,Patrick Mahomes,KC,QB,NA,0,10,0.7016,0.7016,0.7016,1.04019216,35,0.1319,21,0,NA,NA,NA,3.933187559,NA,NA
2553728,Raheem Mostert,SF,RB,NA,NA,11,0.7,0.7,0.7,1.03782,104,0.0455,27,0,NA,102.3,12.7,7.049716853,NA,NA
2558258,Shelton Gibson,PHI,WR,22,0,10,0.683,0.443,0.923,1.0126158,141,0.0265,34,0.48,NA,NA,NA,3.720807772,NA,NA
2557960,Ryan Switzer,DAL,WR,23,0,6,0.678,0.414,1.1336,0.830256,142,0.053625,34,0.7196,NA,142.3,14.7,6.197786379,NA,NA
2536044,Jamize Olawale,OAK,RB,28,5,10,0.6595,0.5822,0.8222,0.9355206,105,0.020625,27,0.24,NA,97.5,4.5,3.896289697,NA,NA
2543640,Tom Savage,HOU,QB,27,3,7,0.6524,0.36312,0.94168,0.96724824,36,0.2209,21,0.57856,NA,34,3.5,5.565610514,NA,NA
2541544,Benny Cunningham,CHI,RB,27,4,9,0.6495,0.258,1.4484,0.489258,106,0.045375,27,1.1904,NA,NA,NA,3.702706757,NA,NA
2558047,Rodney Adams,MIN,WR,23,0,9,0.635,0.4004,0.9812,0.785778,143,0.021375,34,0.5808,NA,NA,NA,3.579450686,NA,NA
2557987,Matthew Dayes,CLE,RB,NA,0,9,0.62825,0.232,1.4344,0.355824,107,0.072125,27,1.2024,NA,85,0,2.028504038,NA,NA
2558194,Josh Reynolds,LAR,WR,22,0,9,0.61375,0.2488,1.2944,0.5396664,144,0.002,34,1.0456,NA,132.7,25,9.390660397,NA,NA
2531049,Chris Matthews,BAL,WR,28,4,10,0.6135,0.1547,1.0723,0.9095751,145,0.00725,34,0.9176,NA,144.5,5.5,3.289740433,NA,NA
2540279,Nick Williams,ATL,WR,27,4,5,0.61,0.61,0.61,0.904386,146,0.018875,35,0,NA,NA,NA,3.653362888,NA,NA
497320,Andre Roberts,ATL,WR,29,7,5,0.6025,0.5092,0.7236,1.0467156,147,0.045625,35,0.2144,NA,136.7,7.7,4.03378318,NA,NA
2552635,Matt Jones,FA,RB,25,2,NA,0.58,0.058,0.522,0.429954,108,0.058625,28,0.464,NA,NA,NA,3.67161458,NA,NA
2543638,DeAnthony Thomas,KC,WR,24,3,10,0.57975,0.3072,0.9008,0.7413,148,0.059,35,0.5936,NA,142,9,4.353033007,NA,NA
2558023,Eric Saubert,ATL,TE,23,0,5,0.5625,0.4413,0.6837,0.8339625,72,0.049,28,0.2424,NA,NA,NA,3.922291543,NA,NA
2557866,Jehu Chesson,KC,WR,24,0,10,0.534,0.3581,0.8741,0.5789553,149,0.03325,35,0.516,NA,NA,NA,3.450566284,NA,NA
497204,C.J. Spiller,KC,RB,30,7,10,0.53225,0.304,0.8232,0.711648,109,0.032,29,0.5192,NA,83.4,5.8,4.333285311,NA,NA
2541096,Ifeanyi Momah,ARI,TE,28,4,8,0.517,0.3274,0.7066,0.7665042,73,0.03725,29,0.3792,NA,NA,NA,3.857341474,NA,NA
2506147,John Kuhn,NO,RB,35,11,5,0.5105,0.4541,0.5669,0.7568673,110,0.09375,29,0.1128,NA,100.5,3.5,3.468163185,NA,NA
2552559,C.J. Uzomah,CIN,TE,24,2,6,0.51,0.51,0.51,0.756126,74,0.06075,30,0,NA,NA,NA,3.847349156,NA,NA
2557896,Stacy Coley,MIN,WR,NA,0,9,0.5075,0.4071,0.6079,0.7524195,150,0.020875,36,0.2008,NA,NA,NA,3.558662879,NA,NA
2552654,Geremy Davis,LAC,WR,25,2,8,0.494,0.494,0.494,0.7324044,151,0.022875,36,0,NA,NA,NA,3.546190195,NA,NA
2553743,Rod Smith,DAL,RB,NA,NA,6,0.49,0.049,0.441,0.363237,111,0.1525,30,0.392,NA,106,27,12.32538317,NA,NA
2533436,Brock Osweiler,DEN,QB,27,5,5,0.487,0.211,0.763,0.7220262,37,0.1182,22,0.552,NA,NA,NA,3.847421473,NA,NA
80427,Darrius Heyward-Bey,PIT,WR,30,8,9,0.47925,0.458,0.5196,0.726474,152,0.019875,36,0.0616,NA,118.8,16.5,6.739250726,NA,NA
2555209,Chris Moore,BAL,WR,24,1,10,0.463,0.2264,0.8152,0.6464136,153,0.011375,36,0.5888,NA,120,15.5,6.39552706,NA,NA
2558262,Mack Hollins,PHI,WR,24,0,10,0.45575,0.331,0.7222,0.6093486,154,0.009,36,0.3912,NA,118,15.2,6.28834479,NA,NA
2553454,Geoff Swaim,DAL,TE,NA,NA,6,0.4495,0.3083,0.5907,0.6664287,75,0.0005,30,0.2824,NA,66.3,7.7,5.286146751,NA,NA
2552403,Nick OLeary,BUF,TE,25,2,6,0.449,0.3882,0.5098,0.6656874,76,0.0195,30,0.1216,NA,62.3,4.6,4.059579348,NA,NA
2555289,Nick Vannett,SEA,TE,NA,1,6,0.449,0.3874,0.5106,0.6656874,77,0.0415,30,0.1232,NA,76.5,4.5,4.02002417,NA,NA
2556855,Marcus Johnson,PHI,WR,23,1,10,0.4475,0.2895,0.6055,0.6634635,155,0.006375,36,0.316,NA,NA,NA,3.503228728,NA,NA
2555215,Leonte Carroo,MIA,WR,23,1,11,0.446,0.3483,0.6291,0.5656119,156,0.030375,36,0.2808,NA,123,14.3,5.98781676,NA,NA
2552428,Tre McBride,CHI,WR,25,2,9,0.43625,0.2652,0.6036,0.637518,157,0.05225,36,0.3384,NA,NA,NA,3.487060433,NA,NA
2550521,Xavier Grimble,PIT,TE,25,3,9,0.41,0.406,0.414,0.607866,78,0.00675,30,0.008,NA,NA,NA,3.704601751,NA,NA
2495347,Lee Smith,OAK,TE,30,6,10,0.405,0.241,0.569,0.600453,79,0.0165,30,0.328,NA,79.3,9.8,6.085044203,NA,NA
2495234,Luke Stocker,TB,TE,29,6,11,0.4015,0.2323,0.5707,0.5952639,80,0.04175,30,0.3384,NA,NA,NA,3.692468222,NA,NA
2555478,Demarcus Robinson,KC,WR,NA,1,10,0.395,0.034,0.53,0.252042,158,0.0305,37,0.496,NA,118,8.7,4.104955601,NA,NA
2555426,Cardale Jones,LAC,QB,25,1,8,0.376,0.1008,0.6512,0.5574576,38,0.02575,22,0.5504,NA,NA,NA,3.803059704,NA,NA
2558049,Michael Roberts,DET,TE,23,0,7,0.3755,0.3143,0.4367,0.5567163,81,0.0325,31,0.1224,NA,NA,NA,3.655353896,NA,NA
2555413,Trevor Davis,GB,WR,24,1,8,0.373,0.1943,0.5471,0.6693939,159,0.02825,38,0.3528,NA,NA,NA,3.506924338,NA,NA
2506581,Ryan Fitzpatrick,TB,QB,35,12,11,0.3616,0.17532,0.53788,0.52869516,39,0.04325,23,0.36256,NA,NA,NA,3.795306386,NA,NA
2553467,Quan Bray,IND,WR,NA,NA,11,0.356,0.2152,0.4968,0.5278056,160,0.027125,38,0.2816,NA,115.3,5.6,3.202665813,NA,NA
2534241,Derek Carrier,LAR,TE,27,5,9,0.344,0.2336,0.4544,0.5100144,82,0.013,31,0.2208,NA,74.5,14.5,7.900599635,NA,NA
2495467,Taiwan Jones,BUF,RB,29,6,6,0.3435,0.188,0.4888,0.681996,112,0.01475,31,0.3008,NA,109.5,9.5,5.736299776,NA,NA
2552586,Tyler Kroft,CIN,TE,25,2,6,0.342,0.282,0.402,0.5070492,83,0.0255,31,0.12,NA,65.3,2.9,3.310771452,NA,NA
2539335,Geno Smith,NYG,QB,27,4,8,0.3389,0.09978,0.57802,0.50245314,40,0.0494,23,0.47824,NA,NA,NA,3.788232482,NA,NA
2543792,Matt Hazel,IND,WR,25,3,11,0.3335,0.1267,0.5403,0.4944471,161,0.011375,38,0.4136,NA,137,5,3.001004931,NA,NA
2553650,Corey Grant,JAC,RB,NA,NA,8,0.3315,0.3026,0.4146,0.5233578,113,0.0085,31,0.112,NA,86.5,2.5,3.025656541,NA,NA
2555432,Andy Janovich,DEN,RB,24,1,5,0.326,0.2174,0.4254,0.6034182,114,0.008625,31,0.208,NA,98,1,2.474702878,NA,NA
2543750,Jeff Janis,GB,WR,26,3,8,0.32425,0.1143,0.4935,0.5507859,162,0.02175,38,0.3792,NA,140.3,11.3,5.026862354,NA,NA
2558112,Brian Hill,ATL,RB,22,0,5,0.32,0.032,0.288,0.237216,115,0.009875,32,0.256,NA,NA,NA,3.570565007,NA,NA
2558127,Josh Malone,CIN,WR,21,0,6,0.32,0.032,0.288,0.237216,163,0.035,39,0.256,NA,NA,NA,3.237606752,NA,NA
2552478,Blake Bell,MIN,TE,26,2,9,0.32,0.2288,0.4112,0.474432,84,0.0105,32,0.1824,NA,NA,NA,3.576129087,NA,NA
2495340,Anthony Sherman,KC,RB,29,6,10,0.31475,0.126,0.45,0.578214,116,0.01225,33,0.324,NA,NA,NA,3.749345022,NA,NA
2495211,Niles Paul,WAS,TE,28,6,5,0.313,0.2498,0.3762,0.4640538,85,0.01075,32,0.1264,NA,68,7.9,5.267832005,NA,NA
2555306,David Morgan,MIN,TE,24,1,9,0.306,0.2348,0.3772,0.4536756,86,0.01175,32,0.1424,NA,69.3,2.6,3.166411384,NA,NA
2555218,Dan Vitale,CLE,RB,NA,1,9,0.3055,0.16,0.4008,0.533736,117,0.01575,33,0.2408,NA,NA,NA,3.726025889,NA,NA
2530763,Patrick DiMarco,BUF,RB,28,6,6,0.2995,0.162,0.4964,0.37065,118,0.0195,33,0.3344,NA,98.5,0.5,2.223037521,NA,NA
2539645,Brandon Williams,IND,TE,30,5,11,0.2985,0.1717,0.4253,0.4425561,87,0.00875,32,0.2536,NA,71.7,4.8,4.031272284,NA,NA
2506546,Derek Anderson,CAR,QB,34,12,11,0.2978,0.13316,0.46244,0.44151828,41,0.02005,23,0.32928,NA,NA,NA,3.771806638,NA,NA
2557886,Jeremy Sprinkle,WAS,TE,23,0,5,0.29,0.029,0.261,0.214977,88,0.012,33,0.232,NA,NA,NA,3.326321129,NA,NA
2535943,Sean McGrath,LAC,TE,30,5,8,0.2895,0.2499,0.3291,0.4292127,89,0.031,34,0.0792,NA,NA,NA,3.532591129,NA,NA
2554138,Kasen Williams,CLE,WR,NA,2,9,0.285,0.114,1.026,0.845082,164,0.00225,40,0.912,NA,131,9,4.385369595,NA,NA
2554138,Kasen Williams,FA,WR,NA,2,NA,0.285,0.114,1.026,0.845082,164,0.00975,40,0.912,NA,131,9,4.385369595,NA,NA
2558008,Mitchell Trubisky,CHI,QB,23,0,9,0.2812,0.23544,0.32696,0.41690712,42,0.01555,24,0.09152,NA,NA,NA,3.765172356,NA,NA
2543774,Jared Abbrederis,DET,WR,27,3,7,0.2805,0.0657,0.4953,0.4158693,165,0.01275,41,0.4296,NA,NA,NA,3.348937006,NA,NA
2550289,David Fluellen,TEN,RB,25,3,8,0.28,0.28,0.28,0.415128,119,0.0065,35,0,NA,NA,NA,3.663841536,NA,NA
2558837,Devante Mays,GB,RB,NA,0,8,0.28,0.028,0.252,0.207564,119,0.02225,34,0.224,NA,NA,NA,3.555018918,NA,NA
2552576,Sean Mannion,LAR,QB,25,2,9,0.2743,0.07406,0.47454,0.40667718,43,0.0191,24,0.40048,NA,NA,NA,3.762414732,NA,NA
2558091,Noah Brown,DAL,WR,NA,0,6,0.27,0.027,0.243,0.200151,166,0.00575,42,0.216,NA,NA,NA,3.214509188,NA,NA
2555220,Derek Watt,LAC,RB,25,1,8,0.267,0.168,0.4088,0.415128,121,0.02775,35,0.2408,NA,NA,NA,3.663841536,NA,NA
2550206,Ryan Hewitt,CIN,TE,26,3,6,0.2665,0.1941,0.3389,0.3951129,90,0.02625,34,0.1448,NA,NA,NA,3.499759226,NA,NA
2535988,Brittan Golden,ARI,WR,29,5,8,0.2655,0.2051,0.3259,0.3936303,167,0.017625,43,0.1208,NA,NA,NA,3.335078468,NA,NA
2552651,Kaelin Clay,BUF,WR,25,2,6,0.263,0.2486,0.2774,0.3899238,168,0.046875,43,0.0288,NA,128,7,3.605993962,NA,NA
2533349,Austin Davis,SEA,QB,28,5,6,0.257,0.1042,0.4098,0.3810282,44,0.0074,24,0.3056,NA,NA,NA,3.755500691,NA,NA
2543497,AJ McCarron,CIN,QB,27,3,6,0.2534,0.10828,0.39852,0.37569084,45,0.009,24,0.29024,NA,NA,NA,3.754061931,NA,NA
2553318,James OShaughnessy,FA,TE,NA,NA,NA,0.2505,0.1789,0.3221,0.3713913,91,0.0235,35,0.1432,NA,NA,NA,3.476919641,NA,NA
2508101,James Develin,NE,RB,29,7,9,0.2485,0.1757,0.3013,0.3536001,122,0.0335,35,0.1256,NA,NA,NA,3.631583403,NA,NA
81284,Chase Daniel,NO,QB,31,8,5,0.2458,0.07156,0.42004,0.36442308,46,0.0059,24,0.34848,NA,NA,NA,3.751024548,NA,NA
2505982,Matt Schaub,ATL,QB,36,13,5,0.243,0.0806,0.4054,0.3602718,47,0.00915,24,0.3248,NA,NA,NA,3.749905513,NA,NA
2543801,Jimmy Garoppolo,NE,QB,26,3,9,0.2368,0.08256,0.39104,0.35107968,48,0.00715,24,0.30848,NA,41.5,9.5,11.66368508,NA,NA
2556519,Alex Erickson,CIN,WR,25,1,6,0.23275,0.103,0.4398,0.289107,169,0.0495,43,0.3368,NA,147.7,9.7,4.43528268,NA,NA
2557922,C.J. Beathard,SF,QB,24,0,11,0.2309,0.06538,0.39642,0.34233234,49,0.0051,24,0.33104,NA,NA,NA,3.74506968,NA,NA
2555219,Daniel Lasco,FA,RB,25,1,NA,0.23,0.023,0.207,0.170499,123,0.05575,36,0.184,NA,NA,NA,3.535586308,NA,NA
2554630,Ross Travis,KC,TE,24,2,10,0.23,0.23,0.23,0.340998,92,0.016,35,0,NA,65,15.7,8.293895756,NA,NA
2495443,Ryan Mallett,BAL,QB,29,6,10,0.2284,0.08088,0.37592,0.33862584,50,0.00805,25,0.29504,NA,NA,NA,3.744070541,NA,NA
2552622,Chris Manhertz,CAR,TE,NA,NA,11,0.224,0.0632,0.3848,0.3321024,93,0.032,35,0.3216,NA,NA,NA,3.439091579,NA,NA
2539228,EJ Manuel,OAK,QB,27,4,10,0.2232,0.06064,0.38576,0.33091632,51,0.01135,25,0.32512,NA,NA,NA,3.741992332,NA,NA
2532888,Case Keenum,MIN,QB,29,5,9,0.2175,0.1331,0.3019,0.3224655,52,0.0121,25,0.1688,NA,NA,NA,3.739714296,NA,NA
2539287,Landry Jones,PIT,QB,28,4,9,0.2062,0.08284,0.32956,0.30571212,53,0.00665,25,0.24672,NA,NA,NA,3.735198188,NA,NA
2532917,Kellen Moore,DAL,QB,28,5,6,0.2046,0.05692,0.35228,0.30333996,54,0.01105,25,0.29536,NA,NA,NA,3.734558739,NA,NA
2507828,Logan Paulsen,FA,TE,30,7,NA,0.204,0.1688,0.2392,0.3024504,94,0.03375,36,0.0704,NA,NA,NA,3.410542098,NA,NA
2557952,Wayne Gallman,NYG,RB,23,0,8,0.2,0.02,0.18,0.14826,124,0.05575,36,0.16,NA,80,11,6.168325863,NA,NA
2495159,Dwayne Harris,NYG,WR,30,6,8,0.1995,0.0744,0.268,0.385476,170,0.03275,44,0.1936,NA,132.5,5.5,3.126440662,NA,NA
2558191,Nathan Peterman,BUF,QB,23,0,6,0.1945,0.0549,0.3341,0.2883657,55,0.00215,25,0.2792,NA,NA,NA,3.730522217,NA,NA
2556232,Jake Rudock,DET,QB,24,1,7,0.1926,0.05772,0.32748,0.28554876,56,0.0024,25,0.26976,NA,NA,NA,3.729762872,NA,NA
2559242,Cooper Rush,DAL,QB,NA,0,6,0.1921,0.05762,0.32658,0.28480746,57,0.005,25,0.26896,NA,NA,NA,3.729563044,NA,NA
2506895,Kellen Clemens,LAC,QB,34,11,8,0.1883,0.05366,0.32294,0.27917358,58,0.00495,25,0.26928,NA,NA,NA,3.728044353,NA,NA
2532842,Nick Foles,PHI,QB,28,5,10,0.1859,0.11718,0.25462,0.27561534,59,0.0155,25,0.13744,NA,NA,NA,3.727085179,NA,NA
2552588,Brett Hundley,GB,QB,24,2,8,0.1808,0.05536,0.30624,0.26805408,60,0.0239,25,0.25088,NA,NA,NA,3.725046936,NA,NA
2543767,Logan Thomas,BUF,TE,26,3,6,0.18,0.18,0.18,0.266868,95,0.09975,37,0,NA,NA,NA,3.376282721,NA,NA
2552431,Vince Mayle,BAL,WR,NA,NA,10,0.167,0.043,0.291,0.2475942,171,0.0255,44,0.248,NA,NA,NA,3.244074069,NA,NA
2556190,Jakeem Grant,MIA,WR,25,1,11,0.1665,0.1195,0.2139,0.2928135,172,0.097375,44,0.0944,NA,NA,NA,3.272253096,NA,NA
2535535,Phillip Supernaw,TEN,TE,27,5,8,0.1605,0.1497,0.1713,0.2379573,96,0.1605,37,0.0216,NA,NA,NA,3.348446977,NA,NA
2495441,Blaine Gabbert,ARI,QB,28,6,8,0.16,0.016,0.144,0.118608,61,0.0131,26,0.128,NA,NA,NA,3.684761654,NA,NA
2506562,Matt Cassel,TEN,QB,35,12,8,0.1538,0.08196,0.22564,0.22802388,62,0.01825,27,0.14368,NA,NA,NA,3.714256235,NA,NA
2550235,Roosevelt Nix,PIT,RB,NA,NA,9,0.1485,0.0537,0.2433,0.2201661,125,0.03075,36,0.1896,NA,NA,NA,3.561626006,NA,NA
2552636,Michael Burton,DET,RB,25,2,7,0.14,0.14,0.14,0.207564,126,0.0485,36,0,NA,NA,NA,3.555018918,NA,NA
2555387,Cody Kessler,CLE,QB,24,1,9,0.14,0.044,0.236,0.207564,63,0.01725,27,0.192,NA,35.5,1.5,3.402844424,NA,NA
2507282,Matt Moore,MIA,QB,33,10,11,0.1311,0.09022,0.17198,0.19436886,64,0.0172,27,0.08176,NA,NA,NA,3.705184054,NA,NA
2556805,Johnny Holton,OAK,WR,26,1,10,0.1165,0.0956,0.1484,0.192738,173,0.102375,45,0.0528,NA,130,10,4.500889337,NA,NA
2552369,Bryce Petty,NYJ,QB,26,2,11,0.1144,0.03888,0.18992,0.16960944,65,0.0167,28,0.15104,NA,NA,NA,3.698509806,NA,NA
2495748,Drew Stanton,ARI,QB,33,10,8,0.1134,0.03868,0.18812,0.16812684,66,0.0584,28,0.14944,NA,NA,NA,3.69811015,NA,NA
2543695,Jay Prosch,HOU,RB,25,3,7,0.0955,0.0671,0.1239,0.1415883,127,0.00875,36,0.0568,NA,NA,NA,3.520428872,NA,NA
2552464,Jalston Fowler,TEN,RB,NA,NA,8,0.0875,0.0595,0.0955,0.1149015,128,0.0045,36,0.036,NA,NA,NA,3.506437392,NA,NA
2495472,Jordan Todman,HOU,RB,27,6,7,0.086,0.086,0.086,0.1275036,129,0.046,36,0,NA,NA,NA,3.51304448,NA,NA
497123,Colt McCoy,WAS,QB,31,7,5,0.082,0.042,0.122,0.1215732,67,0.058,29,0.08,NA,NA,NA,3.685560965,NA,NA
2550400,Keith Smith,DAL,RB,25,3,6,0.08,0.08,0.08,0.118608,130,0.08,36,0,NA,NA,NA,3.508380653,NA,NA
2555332,Connor Cook,OAK,QB,24,1,10,0.028,0.0028,0.0252,0.0207564,68,0.009,30,0.0224,NA,NA,NA,3.658384386,NA,NA
4487,Matthew Slater,NE,WR,32,9,9,0.02175,0,0.0696,0,174,0.0185,46,0.0696,NA,NA,NA,3.089782348,NA,NA
2508123,T.J. Yates,BUF,QB,30,6,6,0.02,0.02,0.02,0.029652,69,0.003,31,0,NA,NA,NA,3.66078232,NA,NA
2555263,Kevin Hogan,CLE,QB,25,1,9,0.018,0.0018,0.0162,0.0133434,70,0.008,31,0.0144,NA,NA,NA,3.656386108,NA,NA
79858,Mark Sanchez,CHI,QB,31,8,9,0.016,0.0016,0.0144,0.0118608,71,0.014,31,0.0128,NA,NA,NA,3.655986453,NA,NA
2507029,Eric Weems,TEN,WR,32,10,8,0.0065,-0.008,0.0368,0.014826,175,0.0065,47,0.0448,NA,NA,NA,3.099021373,NA,NA
2555416,Christian Hackenberg,NYJ,QB,22,1,11,0.004,4.00E-04,0.0036,0.0029652,72,0.004,32,0.0032,NA,NA,NA,3.653588519,NA,NA
184,Donnie Avery,FA,WR,33,9,NA,0,0,0,0,176,0,47,0,NA,NA,NA,3.089782348,NA,NA
206,Andre Caldwell,FA,WR,32,9,NA,0,0,0,0,176,0,47,0,NA,NA,NA,3.089782348,NA,NA
222,Harry Douglas,TEN,WR,33,9,8,0,0,0,0,176,0,48,0,NA,NA,NA,3.089782348,NA,NA
230,Jerome Felton,FA,RB,31,9,NA,0,0,0,0,131,0,0,0,NA,NA,NA,3.4461963,NA,NA
768,Steve Johnson,FA,WR,31,9,NA,0,0,0,0,176,0,47,0,NA,NA,NA,3.089782348,NA,NA
927,Justin Forsett,FA,RB,32,9,NA,0,0,0,0,131,0,0,0,NA,NA,NA,3.4461963,NA,NA
1060,Gary Barnidge,FA,TE,32,9,NA,0,0,0,0,97,0,37,0,NA,NA,NA,3.119337392,NA,NA
1990,Eddie Royal,FA,WR,31,9,NA,0,0,0,0,176,0,47,0,NA,NA,NA,3.089782348,NA,NA
4327,Danny Woodhead,BAL,RB,32,9,10,0,0,0,0,131,0,0,0,NA,NA,NA,3.4461963,NA,NA
4383,Tim Hightower,FA,RB,31,9,NA,0,0,0,0,131,0,0,0,NA,NA,NA,3.4461963,NA,NA
4433,Marcel Reece,FA,RB,32,9,NA,0,0,0,0,131,0,0,0,NA,NA,NA,3.4461963,NA,NA
71345,Rashad Jennings,FA,RB,32,8,NA,0,0,0,0,131,0,0,0,NA,NA,NA,3.4461963,NA,NA
71417,Jordan Norwood,FA,WR,31,8,NA,0,0,0,0,176,0,47,0,NA,NA,NA,3.089782348,NA,NA
71435,John Phillips,NO,TE,30,8,5,0,0,0,0,97,0,37,0,NA,NA,NA,3.119337392,NA,NA
79589,David Johnson,FA,TE,30,8,NA,0,0,0,0,97,0,37,0,NA,NA,NA,3.119337392,NA,NA
79629,Cedric Peerman,CIN,RB,31,8,6,0,0,0,0,131,0,37,0,NA,NA,NA,3.4461963,NA,NA
89766,Brandon Myers,FA,TE,32,8,NA,0,0,0,0,97,0,37,0,NA,NA,NA,3.119337392,NA,NA
89798,Antone Smith,FA,RB,32,8,NA,0,0,0,0,131,0,0,0,NA,NA,NA,3.4461963,NA,NA
163982,Will Johnson,NYG,RB,28,6,8,0,0,0,0,131,0,0,0,NA,NA,NA,3.4461963,NA,NA
238498,Julian Edelman,NE,WR,31,8,9,0,0,0,0,176,0,47,0,NA,NA,NA,3.089782348,NA,NA
497135,Tim Tebow,FA,QB,30,7,NA,0,0,0,0,73,0,32,0,NA,NA,NA,3.652789208,NA,NA
497188,Ryan Mathews,FA,RB,30,7,NA,0,0,0,0,131,0,0,0,NA,NA,NA,3.4461963,NA,NA
497190,Dexter McCluster,FA,WR,29,7,NA,0,0,0,0,176,0,47,0,NA,NA,NA,3.089782348,NA,NA
497206,James Starks,FA,RB,31,7,NA,0,0,0,0,131,0,0,0,NA,NA,NA,3.4461963,NA,NA
497226,Jim Dray,FA,TE,31,7,NA,0,0,0,0,97,0,37,0,NA,NA,NA,3.119337392,NA,NA
497242,Clay Harbor,NO,TE,30,7,5,0,0,0,0,97,0,37,0,NA,NA,NA,3.119337392,NA,NA
497254,Dennis Pitta,FA,TE,32,7,NA,0,0,0,0,97,0,37,0,NA,NA,NA,3.119337392,NA,NA
497286,Marcus Easley,BUF,WR,30,7,6,0,0,0,0,176,0,47,0,NA,NA,NA,3.089782348,NA,NA
1037347,Joe Webb,BUF,QB,31,7,6,0,0,0,0,73,0,32,0,NA,NA,NA,3.652789208,NA,NA
1037885,Marc Mariani,FA,WR,30,7,NA,0,0,0,0,176,0,47,0,NA,NA,NA,3.089782348,NA,NA
2495186,Colin Kaepernick,FA,QB,30,6,NA,0,0,0,0,73,0,32,0,NA,NA,NA,3.652789208,NA,NA
2495258,Matt Asiata,FA,RB,30,6,NA,0,0,0,0,131,0,0,0,NA,NA,NA,3.4461963,NA,NA
2495341,Cecil Shorts,FA,WR,30,6,NA,0,0,0,0,176,0,47,0,NA,NA,NA,3.089782348,NA,NA
2495461,Shaun Draughn,FA,RB,30,6,NA,0,0,0,0,131,0,0,0,NA,NA,NA,3.4461963,NA,NA
2495979,DeAngelo Williams,FA,RB,34,11,NA,0,0,0,0,131,0,0,0,NA,NA,NA,3.4461963,NA,NA
2499277,David Ausberry,FA,TE,30,6,NA,0,0,0,0,97,0,37,0,NA,NA,NA,3.119337392,NA,NA
2504162,Shayne Graham,FA,K,NA,NA,NA,0,0,0,0,33,0,24,0,NA,NA,NA,2.454982564,NA,NA
2504257,Sebastian Janikowski,OAK,K,39,17,10,0,0,0,0,33,0,24,0,NA,NA,NA,2.454982564,NA,NA
2504833,Shaun Hill,FA,QB,NA,NA,NA,0,0,0,0,73,0,32,0,NA,NA,NA,3.652789208,NA,NA
2505354,Tony Romo,FA,QB,37,14,NA,0,0,0,0,73,0,32,0,NA,NA,NA,3.652789208,NA,NA
2505587,Anquan Boldin,FA,WR,37,14,NA,0,0,0,0,176,0,47,0,NA,NA,NA,3.089782348,NA,NA
2506053,Luke McCown,FA,QB,36,13,NA,0,0,0,0,73,0,32,0,NA,NA,NA,3.652789208,NA,NA
2506194,Nick Novak,FA,K,NA,NA,NA,0,0,0,0,33,0,25,0,NA,NA,NA,2.454982564,NA,NA
2506386,Mike Nugent,FA,K,35,12,NA,0,0,0,0,33,0,24,0,NA,NA,NA,2.454982564,NA,NA
2506400,Vincent Jackson,FA,WR,34,12,NA,0,0,0,0,176,0,47,0,NA,NA,NA,3.089782348,NA,NA
2507401,Dan Carpenter,FA,K,32,9,NA,0,0,0,0,33,0,24,0,NA,NA,NA,2.454982564,NA,NA
2507405,Matthew Mulligan,DET,TE,32,9,7,0,0,0,0,97,0,37,0,NA,NA,NA,3.119337392,NA,NA
2507486,Kellen Davis,FA,TE,32,9,NA,0,0,0,0,97,0,37,0,NA,NA,NA,3.119337392,NA,NA
2507855,Victor Cruz,FA,WR,31,7,NA,0,0,0,0,176,0,47,0,NA,NA,NA,3.089782348,NA,NA
2507883,Jeff Cumberland,FA,TE,30,7,NA,0,0,0,0,97,0,37,0,NA,NA,NA,3.119337392,NA,NA
2508097,Andrew Hawkins,FA,WR,31,6,NA,0,0,0,0,176,0,47,0,NA,NA,NA,3.089782348,NA,NA
2530598,Jeremy Ross,FA,WR,29,6,NA,0,0,0,0,176,0,47,0,NA,NA,NA,3.089782348,NA,NA
2530690,DuJuan Harris,FA,RB,29,6,NA,0,0,0,0,131,0,0,0,NA,NA,NA,3.4461963,NA,NA
2532797,Brandon Bolden,NE,RB,27,5,9,0,0,0,0,131,0,0,0,NA,NA,NA,3.4461963,NA,NA
2532841,Michael Floyd,MIN,WR,28,5,9,0,0,0,0,176,0,47,0,NA,NA,NA,3.089782348,NA,NA
2532853,Ladarius Green,FA,TE,27,5,NA,0,0,0,0,97,0,37,0,NA,NA,NA,3.119337392,NA,NA
2532899,Doug Martin,TB,RB,28,5,11,0,0,0,0,131,0,0,0,NA,NA,NA,3.4461963,NA,NA
2532956,Ryan Tannehill,MIA,QB,29,5,11,0,0,0,0,73,0,32,0,NA,NA,NA,3.652789208,NA,NA
2533031,Andrew Luck,IND,QB,28,5,11,0,0,0,0,73,0,32,0,NA,NA,NA,3.652789208,NA,NA
2533033,Robert Griffin,FA,QB,27,5,NA,0,0,0,0,73,0,32,0,NA,NA,NA,3.652789208,NA,NA
2533038,Justin Blackmon,FA,WR,27,5,NA,0,0,0,0,176,0,47,0,NA,NA,NA,3.089782348,NA,NA
2533353,Cory Harkey,FA,TE,27,5,NA,0,0,0,0,97,0,37,0,NA,NA,NA,3.119337392,NA,NA
2533437,Ronnie Hillman,FA,RB,26,5,NA,0,0,0,0,131,0,0,0,NA,NA,NA,3.4461963,NA,NA
2533533,Rueben Randle,CHI,WR,26,5,9,0,0,0,0,176,0,47,0,NA,NA,NA,3.089782348,NA,NA
2534437,Austin Johnson,FA,RB,28,4,NA,0,0,0,0,131,0,0,0,NA,NA,NA,3.4461963,NA,NA
2534571,Bobby Rainey,FA,RB,30,5,NA,0,0,0,0,131,0,0,0,NA,NA,NA,3.4461963,NA,NA
2534770,Jonathan Grimes,FA,RB,28,5,NA,0,0,0,0,131,0,0,0,NA,NA,NA,3.4461963,NA,NA
2534789,Daryl Richardson,FA,RB,27,5,NA,0,0,0,0,131,0,0,0,NA,NA,NA,3.4461963,NA,NA
2534870,Alex Tanney,FA,QB,30,5,NA,0,0,0,0,73,0,32,0,NA,NA,NA,3.652789208,NA,NA
2534871,Derrick Coleman,ATL,RB,27,5,5,0,0,0,0,131,0,0,0,NA,NA,NA,3.4461963,NA,NA
2534889,Matt Simms,FA,QB,29,5,NA,0,0,0,0,73,0,32,0,NA,NA,NA,3.652789208,NA,NA
2535138,Greg Scruggs,NE,TE,27,5,9,0,0,0,0,97,0,37,0,NA,NA,NA,3.119337392,NA,NA
2535708,Lance Dunbar,LAR,RB,27,5,9,0,0,0,0,131,0,0,0,NA,NA,NA,3.4461963,NA,NA
2535724,Dominique Jones,FA,TE,30,5,NA,0,0,0,0,97,0,37,0,NA,NA,NA,3.119337392,NA,NA
2535890,Travaris Cadet,FA,RB,28,5,NA,0,0,0,0,131,0,0,0,NA,NA,NA,3.4461963,NA,NA
2535966,Brenton Bersin,CAR,WR,27,4,11,0,0,0,0,176,0,47,0,NA,NA,NA,3.089782348,NA,NA
2536071,Cooper Helfet,OAK,TE,28,6,10,0,0,0,0,97,0,37,0,NA,NA,NA,3.119337392,NA,NA
2536342,Brandon Bostick,FA,TE,28,5,NA,0,0,0,0,97,0,37,0,NA,NA,NA,3.119337392,NA,NA
2537931,Josh Gordon,CLE,WR,26,5,9,0,0,0,0,176,0,47,0,NA,NA,NA,3.089782348,NA,NA
2537933,Larry Donnell,FA,TE,29,5,NA,0,0,0,0,97,0,37,0,NA,NA,NA,3.119337392,NA,NA
2539202,Chris Gragg,NYJ,TE,27,4,11,0,0,0,0,97,0,38,0,NA,NA,NA,3.119337392,NA,NA
2539203,Cobi Hamilton,FA,WR,27,4,NA,0,0,0,0,176,0,47,0,NA,NA,NA,3.089782348,NA,NA
2539250,Quinton Patton,FA,WR,27,4,NA,0,0,0,0,176,0,47,0,NA,NA,NA,3.089782348,NA,NA
2539260,Denard Robinson,FA,RB,27,4,NA,0,0,0,0,131,0,0,0,NA,NA,NA,3.4461963,NA,NA
2539283,Jake Stoneburner,NO,TE,28,4,5,0,0,0,0,97,0,37,0,NA,NA,NA,3.119337392,NA,NA
2539289,Kenjon Barner,FA,RB,28,4,NA,0,0,0,0,131,0,0,0,NA,NA,NA,3.4461963,NA,NA
2539303,Zach Line,FA,RB,27,4,NA,0,0,0,0,131,0,0,0,NA,NA,NA,3.4461963,NA,NA
2539308,Matt Barkley,FA,QB,27,4,NA,0,0,0,0,73,0,32,0,NA,NA,NA,3.652789208,NA,NA
2539315,Stepfan Taylor,FA,RB,26,4,NA,0,0,0,0,131,0,0,0,NA,NA,NA,3.4461963,NA,NA
2539322,Christine Michael,IND,RB,27,4,11,0,0,0,0,131,0,0,0,NA,NA,NA,3.4461963,NA,NA
2539637,Caleb Sturgis,PHI,K,28,4,10,0,0,0,0,33,0,24,0,NA,NA,NA,2.454982564,NA,NA
2539961,Ryan Nassib,FA,QB,27,4,NA,0,0,0,0,73,0,32,0,NA,NA,NA,3.652789208,NA,NA
2539995,Mychal Rivera,JAC,TE,27,4,8,0,0,0,0,97,0,37,0,NA,NA,NA,3.119337392,NA,NA
2540005,Marlon Brown,DEN,WR,26,4,5,0,0,0,0,176,0,47,0,NA,NA,NA,3.089782348,NA,NA
2540157,Stedman Bailey,FA,WR,27,4,NA,0,0,0,0,176,0,47,0,NA,NA,NA,3.089782348,NA,NA
2540173,Tyler Bray,KC,QB,26,4,10,0,0,0,0,73,0,32,0,NA,NA,NA,3.652789208,NA,NA
2540178,Knile Davis,FA,RB,26,4,NA,0,0,0,0,131,0,0,0,NA,NA,NA,3.4461963,NA,NA
2540181,Josh Boyce,FA,WR,26,4,NA,0,0,0,0,176,0,47,0,NA,NA,NA,3.089782348,NA,NA
2540204,Spencer Ware,KC,RB,26,4,10,0,0,0,0,131,0,0,0,NA,NA,NA,3.4461963,NA,NA
2540211,Gavin Escobar,FA,TE,26,4,NA,0,0,0,0,97,0,37,0,NA,NA,NA,3.119337392,NA,NA
2540224,Mike James,DET,RB,26,4,7,0,0,0,0,131,0,0,0,NA,NA,NA,3.4461963,NA,NA
2540225,Tommy Bohanon,JAC,RB,27,4,8,0,0,0,0,131,0,0,0,NA,NA,NA,3.4461963,NA,NA
2540261,Corey Fuller,NO,WR,27,4,5,0,0,0,0,176,0,47,0,NA,NA,NA,3.089782348,NA,NA
2541147,Charles Johnson,CAR,WR,28,4,11,0,0,0,0,176,0,47,0,NA,NA,NA,3.089782348,NA,NA
2541185,Ryan Griffin,TB,QB,28,4,11,0,0,0,0,73,0,32,0,NA,NA,NA,3.652789208,NA,NA
2541512,Brian Leonhardt,OAK,TE,27,4,10,0,0,0,0,97,0,37,0,NA,NA,NA,3.119337392,NA,NA
2541828,Frankie Hammond,FA,WR,NA,NA,NA,0,0,0,0,176,0,47,0,NA,NA,NA,3.089782348,NA,NA
2541883,Eric Rogers,FA,WR,26,4,NA,0,0,0,0,176,0,47,0,NA,NA,NA,3.089782348,NA,NA
2541910,George Winn,NYG,RB,27,4,8,0,0,0,0,131,0,0,0,NA,NA,NA,3.4461963,NA,NA
2541940,Rashad Ross,FA,WR,27,4,NA,0,0,0,0,176,0,47,0,NA,NA,NA,3.089782348,NA,NA
2542022,Khiry Robinson,FA,RB,28,4,NA,0,0,0,0,131,0,0,0,NA,NA,NA,3.4461963,NA,NA
2542060,Jordan Gay,FA,K,NA,NA,NA,0,0,0,0,33,0,24,0,NA,NA,NA,2.454982564,NA,NA
2542065,Matt McGloin,FA,QB,28,4,NA,0,0,0,0,73,0,32,0,NA,NA,NA,3.652789208,NA,NA
2543465,Teddy Bridgewater,MIN,QB,25,3,9,0,0,0,0,73,0,32,0,NA,NA,NA,3.652789208,NA,NA
2543481,Jace Amaro,FA,TE,25,3,NA,0,0,0,0,97,0,37,0,NA,NA,NA,3.119337392,NA,NA
2543502,Tre Mason,FA,RB,24,3,NA,0,0,0,0,131,0,0,0,NA,NA,NA,3.4461963,NA,NA
2543509,Allen Robinson,JAC,WR,24,3,8,0,0,0,0,176,0,47,0,NA,NA,NA,3.089782348,NA,NA
2543533,Patrick Murray,CLE,K,26,3,9,0,0,0,0,33,0,24,0,NA,NA,NA,2.454982564,NA,NA
2543551,KaDeem Carey,FA,RB,25,3,NA,0,0,0,0,131,0,0,0,NA,NA,NA,3.4461963,NA,NA
2543565,Andre Williams,FA,RB,25,3,NA,0,0,0,0,131,0,0,0,NA,NA,NA,3.4461963,NA,NA
2543570,Storm Johnson,FA,RB,25,3,NA,0,0,0,0,131,0,0,0,NA,NA,NA,3.4461963,NA,NA
2543587,Aaron Murray,FA,QB,27,3,NA,0,0,0,0,73,0,32,0,NA,NA,NA,3.652789208,NA,NA
2543596,Dri Archer,FA,RB,26,3,NA,0,0,0,0,131,0,0,0,NA,NA,NA,3.4461963,NA,NA
2543605,Zach Mettenberger,FA,QB,26,3,NA,0,0,0,0,73,0,32,0,NA,NA,NA,3.652789208,NA,NA
2543619,Walt Powell,BUF,WR,26,3,6,0,0,0,0,176,0,47,0,NA,NA,NA,3.089782348,NA,NA
2543655,Tyler Gaffney,JAC,RB,26,3,8,0,0,0,0,131,0,0,0,NA,NA,NA,3.4461963,NA,NA
2543682,Bishop Sankey,MIN,RB,25,3,9,0,0,0,0,131,0,0,0,NA,NA,NA,3.4461963,NA,NA
2543683,Austin Seferian-Jenkins,NYJ,TE,25,3,11,0,0,0,0,97,0,37,0,NA,NA,NA,3.119337392,NA,NA
2543689,Kevin Norwood,NYG,WR,28,3,8,0,0,0,0,176,0,47,0,NA,NA,NA,3.089782348,NA,NA
2543704,Lorenzo Taliaferro,FA,RB,26,3,NA,0,0,0,0,131,0,0,0,NA,NA,NA,3.4461963,NA,NA
2543746,Josh Huff,FA,WR,26,3,NA,0,0,0,0,176,0,47,0,NA,NA,NA,3.089782348,NA,NA
2543781,Zach Hocker,FA,K,26,3,NA,0,0,0,0,33,0,24,0,NA,NA,NA,2.454982564,NA,NA
2543794,Crockett Gillmore,FA,TE,26,3,NA,0,0,0,0,97,0,37,0,NA,NA,NA,3.119337392,NA,NA
2543828,Quincy Enunwa,NYJ,WR,25,3,11,0,0,0,0,176,0,47,0,NA,NA,NA,3.089782348,NA,NA
2550182,Isaiah Burse,LAC,WR,26,3,8,0,0,0,0,176,0,47,0,NA,NA,NA,3.089782348,NA,NA
2550183,Jeremy Butler,BUF,WR,26,3,6,0,0,0,0,176,0,47,0,NA,NA,NA,3.089782348,NA,NA
2550216,Jonathan Krause,FA,WR,NA,NA,NA,0,0,0,0,176,0,47,0,NA,NA,NA,3.089782348,NA,NA
2550223,Freddie Martino,FA,WR,26,3,NA,0,0,0,0,176,0,47,0,NA,NA,NA,3.089782348,NA,NA
2550243,Justin Perillo,FA,TE,26,3,NA,0,0,0,0,97,0,37,0,NA,NA,NA,3.119337392,NA,NA
2550252,Connor Shaw,FA,QB,26,3,NA,0,0,0,0,73,0,33,0,NA,NA,NA,3.652789208,NA,NA
2550256,Willie Snead,NO,WR,25,3,5,0,0,0,0,176,0,47,0,NA,NA,NA,3.089782348,NA,NA
2550263,Juwan Thompson,FA,RB,25,3,NA,0,0,0,0,131,0,0,0,NA,NA,NA,3.4461963,NA,NA
2550359,Seantavius Jones,FA,WR,25,3,NA,0,0,0,0,176,0,47,0,NA,NA,NA,3.089782348,NA,NA
2550376,Stephen Morris,FA,QB,25,3,NA,0,0,0,0,73,0,32,0,NA,NA,NA,3.652789208,NA,NA
2550454,Asante Cleveland,LAC,TE,25,3,8,0,0,0,0,97,0,37,0,NA,NA,NA,3.119337392,NA,NA
2550459,Javontee Herndon,FA,WR,26,3,NA,0,0,0,0,176,0,47,0,NA,NA,NA,3.089782348,NA,NA
2550474,Antonio Andrews,FA,RB,25,3,NA,0,0,0,0,131,0,36,0,NA,NA,NA,3.4461963,NA,NA
2550540,George Atkinson,FA,RB,25,3,NA,0,0,0,0,131,0,36,0,NA,NA,NA,3.4461963,NA,NA
2550542,Kapri Bibbs,FA,RB,24,3,NA,0,0,0,0,131,0,36,0,NA,NA,NA,3.4461963,NA,NA
2550546,Philly Brown,FA,WR,26,3,NA,0,0,0,0,176,0,47,0,NA,NA,NA,3.089782348,NA,NA
2550596,Darrin Reaves,FA,RB,24,3,NA,0,0,0,0,131,0,36,0,NA,NA,NA,3.4461963,NA,NA
2550608,RaShaun Allen,SEA,TE,27,3,6,0,0,0,0,97,0,37,0,NA,NA,NA,3.119337392,NA,NA
2550633,Senorise Perry,MIA,RB,26,3,11,0,0,0,0,131,0,36,0,NA,NA,NA,3.4461963,NA,NA
2550738,Fitzgerald Toussaint,FA,RB,27,3,NA,0,0,0,0,131,0,36,0,NA,NA,NA,3.4461963,NA,NA
2551357,Glenn Winston,CLE,RB,28,3,9,0,0,0,0,131,0,36,0,NA,NA,NA,3.4461963,NA,NA
2551359,Jerome Cunningham,FA,TE,26,3,NA,0,0,0,0,97,0,37,0,NA,NA,NA,3.119337392,NA,NA
2552371,Garrett Grayson,FA,QB,26,2,NA,0,0,0,0,73,0,32,0,NA,NA,NA,3.652789208,NA,NA
2552376,David Cobb,FA,RB,24,2,NA,0,0,0,0,131,0,36,0,NA,NA,NA,3.4461963,NA,NA
2552379,Jeremy Langford,FA,RB,26,2,NA,0,0,0,0,131,0,36,0,NA,NA,NA,3.4461963,NA,NA
2552380,Karlos Williams,FA,RB,24,2,NA,0,0,0,0,131,0,36,0,NA,NA,NA,3.4461963,NA,NA
2552401,MyCole Pruitt,FA,TE,25,2,NA,0,0,0,0,97,0,37,0,NA,NA,NA,3.119337392,NA,NA
2552411,Dezmin Lewis,FA,WR,25,2,NA,0,0,0,0,176,0,47,0,NA,NA,NA,3.089782348,NA,NA
2552420,Keith Mumphery,FA,WR,25,2,NA,0,0,0,0,176,0,47,0,NA,NA,NA,3.089782348,NA,NA
2552421,Kenny Bell,BAL,WR,25,2,10,0,0,0,0,176,0,47,0,NA,NA,NA,3.089782348,NA,NA
2552425,Rashad Greene,JAC,WR,25,2,8,0,0,0,0,176,0,47,0,NA,NA,NA,3.089782348,NA,NA
2552462,Gerald Christian,FA,TE,26,2,NA,0,0,0,0,97,0,37,0,NA,NA,NA,3.119337392,NA,NA
2552479,DaRon Brown,KC,WR,26,2,10,0,0,0,0,176,0,47,0,NA,NA,NA,3.089782348,NA,NA
2552491,Dorial Green-Beckham,FA,WR,24,2,NA,0,0,0,0,176,0,47,0,NA,NA,NA,3.089782348,NA,NA
2552627,DeAndre Smelter,FA,WR,26,2,NA,0,0,0,0,176,0,47,0,NA,NA,NA,3.089782348,NA,NA
2552647,Marcus Murphy,FA,RB,26,2,NA,0,0,0,0,131,0,36,0,NA,NA,NA,3.4461963,NA,NA
2552650,Mario Alford,FA,WR,NA,NA,NA,0,0,0,0,176,0,47,0,NA,NA,NA,3.089782348,NA,NA
2553292,Kennard Backman,FA,TE,24,2,NA,0,0,0,0,97,0,37,0,NA,NA,NA,3.119337392,NA,NA
2553434,Devin Smith,FA,WR,NA,NA,NA,0,0,0,0,176,0,47,0,NA,NA,NA,3.089782348,NA,NA
2553435,David Johnson,ARI,RB,26,2,8,0,0,0,0,131,0,36,0,NA,NA,NA,3.4461963,NA,NA
2553439,Mike Davis,FA,RB,24,2,NA,0,0,0,0,131,0,36,0,NA,NA,NA,3.4461963,NA,NA
2553451,Neal Sterling,FA,TE,NA,NA,NA,0,0,0,0,97,0,37,0,NA,NA,NA,3.119337392,NA,NA
2553465,Rory Anderson,SF,TE,25,2,11,0,0,0,0,97,0,37,0,NA,NA,NA,3.119337392,NA,NA
2553511,John Crockett,FA,RB,25,2,NA,0,0,0,0,131,0,36,0,NA,NA,NA,3.4461963,NA,NA
2553554,Matt Lengel,FA,TE,NA,NA,NA,0,0,0,0,97,0,37,0,NA,NA,NA,3.119337392,NA,NA
2553568,Cameron Meredith,CHI,WR,NA,NA,9,0,0,0,0,176,0,47,0,NA,NA,NA,3.089782348,NA,NA
2553648,Andrew Franks,FA,K,24,2,NA,0,0,0,0,33,0,24,0,NA,NA,NA,2.454982564,NA,NA
2553652,Chris Harper,FA,WR,NA,NA,NA,0,0,0,0,176,0,47,0,NA,NA,NA,3.089782348,NA,NA
2553660,Akeem Hunt,FA,RB,24,2,NA,0,0,0,0,131,0,36,0,NA,NA,NA,3.4461963,NA,NA
2553682,Wes Saxton,WAS,TE,24,2,5,0,0,0,0,97,0,37,0,NA,NA,NA,3.119337392,NA,NA
2553716,Rannell Hall,CLE,WR,24,2,9,0,0,0,0,176,0,47,0,NA,NA,NA,3.089782348,NA,NA
2553725,Bradley Marquez,LAR,WR,NA,NA,9,0,0,0,0,176,0,47,0,NA,NA,NA,3.089782348,NA,NA
2553791,E.J. Bibbs,FA,TE,26,2,NA,0,0,0,0,97,0,37,0,NA,NA,NA,3.119337392,NA,NA
2553833,Josh Lambo,FA,K,27,2,NA,0,0,0,0,33,0,24,0,NA,NA,NA,2.454982564,NA,NA
2553867,Mack Brown,WAS,RB,NA,NA,5,0,0,0,0,131,0,36,0,NA,NA,NA,3.4461963,NA,NA
2553876,Donteea Dye,FA,WR,NA,NA,NA,0,0,0,0,176,0,47,0,NA,NA,NA,3.089782348,NA,NA
2553896,Darius Jennings,NYJ,WR,NA,NA,11,0,0,0,0,176,0,47,0,NA,NA,NA,3.089782348,NA,NA
2553900,Daniel Brown,CHI,TE,NA,NA,9,0,0,0,0,97,0,37,0,NA,NA,NA,3.119337392,NA,NA
2555216,Malcolm Mitchell,NE,WR,24,1,9,0,0,0,0,176,0,47,0,NA,NA,NA,3.089782348,NA,NA
2555223,Devontae Booker,DEN,RB,25,1,5,0,0,0,0,131,0,36,0,NA,NA,NA,3.4461963,NA,NA
2555227,Jonathan Williams,FA,RB,23,1,NA,0,0,0,0,131,0,36,0,NA,NA,NA,3.4461963,NA,NA
2555229,Kenneth Dixon,BAL,RB,23,1,10,0,0,0,0,131,0,36,0,NA,NA,NA,3.4461963,NA,NA
2555262,Jeff Driskel,CIN,QB,24,1,6,0,0,0,0,73,0,32,0,NA,NA,NA,3.652789208,NA,NA
2555316,Paxton Lynch,DEN,QB,23,1,5,0,0,0,0,73,0,32,0,NA,NA,NA,3.652789208,NA,NA
2555317,Tajae Sharpe,TEN,WR,23,1,8,0,0,0,0,176,0,47,0,NA,NA,NA,3.089782348,NA,NA
2555346,Will Fuller,HOU,WR,23,1,7,0,0,0,0,176,0,47,0,NA,NA,NA,3.089782348,NA,NA
2555350,Kolby Listenbee,FA,WR,23,1,NA,0,0,0,0,176,0,47,0,NA,NA,NA,3.089782348,NA,NA
2555356,Keenan Reynolds,FA,WR,24,1,NA,0,0,0,0,176,0,47,0,NA,NA,NA,3.089782348,NA,NA
2555362,Aaron Burbridge,SF,WR,24,1,11,0,0,0,0,176,0,47,0,NA,NA,NA,3.089782348,NA,NA
2555365,Brandon Allen,LAR,QB,25,1,9,0,0,0,0,73,0,32,0,NA,NA,NA,3.652789208,NA,NA
2555370,Jordan Payton,FA,WR,24,1,NA,0,0,0,0,176,0,47,0,NA,NA,NA,3.089782348,NA,NA
2555408,Roberto Aguayo,FA,K,23,1,NA,0,0,0,0,33,0,24,0,NA,NA,NA,2.454982564,NA,NA
2555427,Nate Sudfeld,WAS,QB,24,1,5,0,0,0,0,73,0,32,0,NA,NA,NA,3.652789208,NA,NA
2555430,Alex Collins,FA,RB,23,1,NA,0,0,0,0,131,0,36,0,NA,NA,NA,3.4461963,NA,NA
2555459,Keith Marshall,WAS,RB,23,1,5,0,0,0,0,131,0,36,0,NA,NA,NA,3.4461963,NA,NA
2555462,Kelvin Taylor,FA,RB,24,1,NA,0,0,0,0,131,0,36,0,NA,NA,NA,3.4461963,NA,NA
2555465,Demarcus Ayers,FA,WR,23,1,NA,0,0,0,0,176,0,47,0,NA,NA,NA,3.089782348,NA,NA
2555468,Rashard Higgins,FA,WR,23,1,NA,0,0,0,0,176,0,47,0,NA,NA,NA,3.089782348,NA,NA
2555471,Kenny Lawler,FA,WR,23,1,NA,0,0,0,0,176,0,47,0,NA,NA,NA,3.089782348,NA,NA
2555483,Thomas Duarte,MIA,TE,22,1,11,0,0,0,0,97,0,37,0,NA,NA,NA,3.119337392,NA,NA
2555486,Temarrick Hemingway,LAR,TE,24,1,9,0,0,0,0,97,0,37,0,NA,NA,NA,3.119337392,NA,NA
2555487,Beau Sandland,FA,TE,24,1,NA,0,0,0,0,97,0,37,0,NA,NA,NA,3.119337392,NA,NA
2556144,Daniel Braverman,FA,WR,24,1,NA,0,0,0,0,176,0,47,0,NA,NA,NA,3.089782348,NA,NA
2556185,Devin Lucien,FA,WR,24,1,NA,0,0,0,0,176,0,47,0,NA,NA,NA,3.089782348,NA,NA
2556212,Devin Fuller,ATL,WR,23,1,5,0,0,0,0,176,0,47,0,NA,NA,NA,3.089782348,NA,NA
2556261,Moritz Boehringer,FA,WR,NA,1,NA,0,0,0,0,176,0,47,0,NA,NA,NA,3.089782348,NA,NA
2556273,Darius Jackson,CLE,RB,24,1,9,0,0,0,0,131,0,36,0,NA,NA,NA,3.4461963,NA,NA
2556375,Rico Gathers,DAL,TE,23,1,6,0,0,0,0,97,0,37,0,NA,NA,NA,3.119337392,NA,NA
2556379,Zac Brooks,FA,RB,24,1,NA,0,0,0,0,131,0,36,0,NA,NA,NA,3.4461963,NA,NA
2556392,Mekale McKay,FA,WR,24,1,NA,0,0,0,0,176,0,47,0,NA,NA,NA,3.089782348,NA,NA
2556399,Tevaun Smith,FA,WR,24,1,NA,0,0,0,0,176,0,47,0,NA,NA,NA,3.089782348,NA,NA
2556404,Maurice Harris,WAS,WR,25,1,5,0,0,0,0,176,0,47,0,NA,NA,NA,3.089782348,NA,NA
2556411,Josh Ferguson,FA,RB,24,1,NA,0,0,0,0,131,0,36,0,NA,NA,NA,3.4461963,NA,NA
2556415,Joe Kerridge,GB,RB,25,1,8,0,0,0,0,131,0,36,0,NA,NA,NA,3.4461963,NA,NA
2556444,Joshua Perkins,FA,TE,24,1,NA,0,0,0,0,97,0,37,0,NA,NA,NA,3.119337392,NA,NA
2556450,Nick Rose,FA,K,23,1,NA,0,0,0,0,33,0,24,0,NA,NA,NA,2.454982564,NA,NA
2556454,Brandon Wilds,FA,RB,24,1,NA,0,0,0,0,131,0,36,0,NA,NA,NA,3.4461963,NA,NA
2556463,Stephen Anderson,HOU,TE,24,1,7,0,0,0,0,97,0,37,0,NA,51.8,17.2,8.723063919,NA,NA
2556473,Jace Billingsley,FA,WR,24,1,NA,0,0,0,0,176,0,47,0,NA,NA,NA,3.089782348,NA,NA
2556477,Trevone Boykin,FA,QB,24,1,NA,0,0,0,0,73,0,32,0,NA,NA,NA,3.652789208,NA,NA
2556478,Ben Braunecker,FA,TE,23,1,NA,0,0,0,0,97,0,37,0,NA,NA,NA,3.119337392,NA,NA
2556493,Tra Carson,CIN,RB,25,1,6,0,0,0,0,131,0,36,0,NA,NA,NA,3.4461963,NA,NA
2556508,Alan Cross,TB,RB,24,1,11,0,0,0,0,131,0,36,0,NA,NA,NA,3.4461963,NA,NA
2556508,Alan Cross,TB,TE,24,1,11,0,0,0,0,97,0,37,0,NA,NA,NA,3.119337392,NA,NA
2556528,D.J. Foster,FA,RB,NA,1,NA,0,0,0,0,131,0,36,0,NA,NA,NA,3.4461963,NA,NA
2556541,Aaron Green,FA,RB,25,1,NA,0,0,0,0,131,0,36,0,NA,NA,NA,3.4461963,NA,NA
2556544,Glenn Gronkowski,FA,RB,24,1,NA,0,0,0,0,131,0,36,0,NA,NA,NA,3.4461963,NA,NA
2556563,Don Jackson,FA,RB,24,1,NA,0,0,0,0,131,0,36,0,NA,NA,NA,3.4461963,NA,NA
2556577,Marshall Koehn,FA,K,25,1,NA,0,0,0,0,33,0,24,0,NA,NA,NA,2.454982564,NA,NA
2556606,Jalin Marshall,NYJ,WR,NA,1,11,0,0,0,0,176,0,47,0,NA,NA,NA,3.089782348,NA,NA
2556636,Marquez North,FA,WR,22,1,NA,0,0,0,0,176,0,47,0,NA,NA,NA,3.089782348,NA,NA
2556656,Jhurell Pressley,FA,RB,25,1,NA,0,0,0,0,131,0,36,0,NA,NA,NA,3.4461963,NA,NA
2556661,Kalif Raymond,NYJ,WR,23,1,11,0,0,0,0,176,0,47,0,NA,NA,NA,3.089782348,NA,NA
2556676,Rashawn Scott,MIA,WR,25,1,11,0,0,0,0,176,0,47,0,NA,NA,NA,3.089782348,NA,NA
2556687,Joel Stave,FA,QB,25,1,NA,0,0,0,0,73,0,32,0,NA,NA,NA,3.652789208,NA,NA
2556728,Brandon Burks,FA,RB,24,1,NA,0,0,0,0,131,0,36,0,NA,NA,NA,3.4461963,NA,NA
2556743,Chris Hubert,ARI,WR,24,1,8,0,0,0,0,176,0,47,0,NA,NA,NA,3.089782348,NA,NA
2556801,Kenneth Farrow,LAC,RB,24,1,8,0,0,0,0,131,0,36,0,NA,NA,NA,3.4461963,NA,NA
2556803,C.J. Ham,MIN,RB,24,1,9,0,0,0,0,131,0,36,0,NA,NA,NA,3.4461963,NA,NA
2556818,Ryan OMalley,OAK,TE,24,2017,10,0,0,0,0,97,0,37,0,NA,NA,NA,3.119337392,NA,NA
2556827,Dom Williams,PHI,WR,27,1,10,0,0,0,0,176,0,47,0,NA,NA,NA,3.089782348,NA,NA
2556841,Byron Marshall,FA,WR,23,1,NA,0,0,0,0,176,0,47,0,NA,NA,NA,3.089782348,NA,NA
2556851,Keyarris Garrett,CAR,WR,25,1,11,0,0,0,0,176,0,47,0,NA,NA,NA,3.089782348,NA,NA
2556854,Devon Johnson,FA,RB,24,1,NA,0,0,0,0,131,0,36,0,NA,NA,NA,3.4461963,NA,NA
2556882,Jake Lampman,FA,WR,24,1,NA,0,0,0,0,176,0,47,0,NA,NA,NA,3.089782348,NA,NA
2557531,Troymaine Pope,FA,RB,24,1,NA,0,0,0,0,131,0,36,0,NA,NA,NA,3.4461963,NA,NA
2557859,Jake Butt,DEN,TE,22,0,5,0,0,0,0,97,0,37,0,NA,NA,NA,3.119337392,NA,NA
2557869,Chad Kelly,DEN,QB,23,0,5,0,0,0,0,73,0,32,0,NA,NA,NA,3.652789208,NA,NA
2557897,Davis Webb,NYG,QB,22,0,8,0,0,0,0,73,0,32,0,NA,NA,NA,3.652789208,NA,NA
2557936,Joe Williams,SF,RB,24,0,11,0,0,0,0,131,0,36,0,NA,NA,NA,3.4461963,NA,NA
2557977,Jeremy McNichols,FA,RB,22,0,NA,0,0,0,0,131,0,36,0,NA,NA,NA,3.4461963,NA,NA
2558003,Carlos Henderson,DEN,WR,23,0,5,0,0,0,0,176,0,47,0,NA,NA,NA,3.089782348,NA,NA
2558011,Bucky Hodges,MIN,TE,22,0,9,0,0,0,0,97,0,37,0,NA,NA,NA,3.119337392,NA,NA
2558016,Brad Kaaya,CAR,QB,22,0,11,0,0,0,0,73,0,32,0,NA,NA,NA,3.652789208,NA,NA
2558071,Isaiah Ford,MIA,WR,21,0,11,0,0,0,0,176,0,47,0,NA,NA,NA,3.089782348,NA,NA
2558095,Malachi Dupre,FA,WR,22,0,NA,0,0,0,0,176,0,47,0,NA,NA,NA,3.089782348,NA,NA
2558113,Elijah Hood,OAK,RB,NA,0,10,0,0,0,0,131,0,36,0,NA,NA,NA,3.4461963,NA,NA
2558167,Joshua Dobbs,PIT,QB,22,0,9,0,0,0,0,73,NA,32,0,NA,NA,NA,3.652789208,NA,NA
2558196,Sam Rogers,FA,RB,22,0,NA,0,0,0,0,131,0,36,0,NA,NA,NA,3.4461963,NA,NA
2558245,Harrison Butker,CAR,K,22,0,11,0,0,0,0,33,NA,24,0,NA,NA,NA,2.454982564,NA,NA
2558254,Robert Davis,FA,WR,22,0,NA,0,0,0,0,176,0,47,0,NA,NA,NA,3.089782348,NA,NA
2558273,T.J. Logan,ARI,RB,23,0,8,0,0,0,0,131,0,36,0,NA,NA,NA,3.4461963,NA,NA
2558786,Brandon Wilson,FA,RB,23,0,NA,0,0,0,0,131,0,36,0,NA,NA,NA,3.4461963,NA,NA
2558832,Mo Alie-Cox,FA,TE,24,1,NA,0,0,0,0,97,0,37,0,NA,NA,NA,3.119337392,NA,NA
2558856,David Moore,FA,WR,22,0,NA,0,0,0,0,176,0,47,0,NA,NA,NA,3.089782348,NA,NA
2558860,Marquez Williams,FA,RB,NA,0,NA,0,0,0,0,131,0,36,0,NA,NA,NA,3.4461963,NA,NA
2558861,Khalfani Muhammad,TEN,RB,23,0,8,0,0,0,0,131,0,36,0,NA,NA,NA,3.4461963,NA,NA
2558864,Mason Schreck,CIN,TE,NA,0,6,0,0,0,0,97,0,37,0,NA,NA,NA,3.119337392,NA,NA
2558906,Quincy Adeboyejo,FA,WR,NA,NA,NA,0,0,0,0,176,0,47,0,NA,NA,NA,3.089782348,NA,NA
2558950,Keon Hatcher,OAK,WR,23,0,10,0,0,0,0,176,0,47,0,NA,NA,NA,3.089782348,NA,NA
2558975,Taquan Mizzell,CHI,RB,24,0,9,0,0,0,0,131,0,36,0,NA,NA,NA,3.4461963,NA,NA
2558993,Fred Ross,CAR,WR,NA,0,11,0,0,0,0,176,0,47,0,NA,NA,NA,3.089782348,NA,NA
2559101,Travin Dural,NO,WR,NA,0,5,0,0,0,0,176,0,47,0,NA,NA,NA,3.089782348,NA,NA
2559103,Devine Redding,FA,RB,NA,NA,NA,0,0,0,0,131,0,36,0,NA,NA,NA,3.4461963,NA,NA
2559150,Corey Clement,PHI,RB,NA,0,10,0,0,0,0,131,0,36,0,NA,NA,NA,3.4461963,NA,NA
2559161,Sean Culkin,LAC,TE,NA,NA,8,0,0,0,0,97,NA,37,0,NA,NA,NA,3.119337392,NA,NA
2559170,Amba Etta-Tawo,FA,WR,24,0,NA,0,0,0,0,176,0,47,0,NA,NA,NA,3.089782348,NA,NA
2559176,Tanner Gentry,FA,WR,NA,0,NA,0,0,0,0,176,0,47,0,NA,NA,NA,3.089782348,NA,NA
2559180,Tion Green,DET,RB,NA,NA,7,0,0,0,0,131,0,36,0,NA,NA,NA,3.4461963,NA,NA
2559235,Brandon Reilly,BUF,WR,24,0,6,0,0,0,0,176,0,47,0,NA,NA,NA,3.089782348,NA,NA
2559241,Travis Rudolph,FA,WR,NA,0,NA,0,0,0,0,176,0,47,0,NA,NA,NA,3.089782348,NA,NA
2559246,Artavis Scott,FA,WR,NA,0,NA,0,0,0,0,176,0,47,0,NA,NA,NA,3.089782348,NA,NA
2559286,Krishawn Hogan,FA,WR,NA,0,NA,0,0,0,0,176,0,47,0,NA,NA,NA,3.089782348,NA,NA
2559362,Dare Ogunbowale,HOU,RB,NA,0,7,0,0,0,0,131,NA,36,0,NA,NA,NA,3.4461963,NA,NA
2559394,Lance Lenoir,FA,WR,22,0,NA,0,0,0,0,176,NA,47,0,NA,NA,NA,3.089782348,NA,NA
